number,values_AnswerCorrectness,values_ContextPrecision,values_ContextRecall,values_Faithfulness,datetime_start,datetime_complete,duration,params_chunk_mode,params_chunk_size,params_context_parents,params_retrieval_count,params_simil,user_attrs_page,state
0,0.9840023219585419,0.9163690476190476,1.0,1.0,2026-08-30 05:01:47.660884,2026-08-30 05:02:31.525573,0 days 00:00:43.864689,semantic,,True,3,0.22479561626896213,https://www.torproject.org/about/history/,COMPLETE
1,0.7586772292852402,1.0,0.7083333333333333,1.0,2026-08-30 05:02:31.537963,2026-08-30 05:03:10.067075,0 days 00:00:38.529112,semantic,,False,2,0.8759278817295955,https://www.torproject.org/about/history/,COMPLETE
2,0.9503301382064819,0.9791666666666666,0.7916666666666666,0.75,2026-08-30 05:03:10.078573,2026-08-30 05:03:52.932600,0 days 00:00:42.854027,fixed,568.0,False,4,,https://www.torproject.org/about/history/,COMPLETE
3,0.9037163108587265,0.8884920634920636,0.875,0.75,2026-08-30 05:03:52.946011,2026-08-30 05:04:26.004462,0 days 00:00:33.058451,fixed,416.0,True,4,,https://www.torproject.org/about/history/,COMPLETE
4,0.9682281613349915,0.8875,1.0,0.9166666666666666,2026-08-30 05:04:26.019300,2026-08-30 05:05:12.872968,0 days 00:00:46.853668,semantic,,False,7,0.13716033017599819,https://www.torproject.org/about/history/,COMPLETE
5,0.7599277123808861,0.9176682692307692,1.0,1.0,2026-08-30 05:05:12.886444,2026-08-30 05:05:59.997807,0 days 00:00:47.111363,semantic,,True,10,0.1960359319217695,https://www.torproject.org/about/history/,COMPLETE
6,0.9679872393608093,0.8888888888888888,1.0,1.0,2026-08-30 05:06:00.013327,2026-08-30 05:06:45.426567,0 days 00:00:45.413240,semantic,,True,2,0.4139623136821059,https://www.torproject.org/about/history/,COMPLETE
7,0.5837055034935474,0.7812287128076603,1.0,1.0,2026-08-30 05:06:45.442532,2026-08-30 05:07:41.569519,0 days 00:00:56.126987,semantic,,True,6,0.45195936362262595,https://www.torproject.org/about/history/,COMPLETE
8,0.9524691104888916,0.9438492063492063,1.0,1.0,2026-08-30 05:07:41.585917,2026-08-30 05:08:13.050678,0 days 00:00:31.464761,fixed,963.0,True,4,,https://www.torproject.org/about/history/,COMPLETE
9,0.860512912273407,0.8791808390022675,1.0,1.0,2026-08-30 05:08:13.061599,2026-08-30 05:08:47.111015,0 days 00:00:34.049416,fixed,976.0,True,6,,https://www.torproject.org/about/history/,COMPLETE
10,0.8721362203359604,0.923015873015873,0.875,1.0,2026-08-30 05:08:47.123371,2026-08-30 05:09:17.445454,0 days 00:00:30.322083,fixed,939.0,False,9,,https://www.torproject.org/about/history/,COMPLETE
11,0.9525564610958099,0.7023809523809523,1.0,1.0,2026-08-30 05:09:17.459555,2026-08-30 05:09:51.917787,0 days 00:00:34.458232,fixed,95.0,True,4,,https://www.torproject.org/about/history/,COMPLETE
12,0.9673987925052643,0.8958333333333333,1.0,1.0,2026-08-30 05:09:51.931388,2026-08-30 05:10:38.596252,0 days 00:00:46.664864,semantic,,True,3,0.7172420276189194,https://lua.org/start.html,COMPLETE
13,0.961235761642456,1.0,1.0,1.0,2026-08-30 05:10:38.610135,2026-08-30 05:11:16.076498,0 days 00:00:37.466363,fixed,686.0,True,5,,https://lua.org/start.html,COMPLETE
14,0.9539226144552231,0.9510416666666667,1.0,1.0,2026-08-30 05:11:16.092567,2026-08-30 05:11:55.398993,0 days 00:00:39.306426,fixed,651.0,True,7,,https://lua.org/start.html,COMPLETE
15,0.8181173354387283,1.0,0.9375,1.0,2026-08-30 05:11:55.410553,2026-08-30 05:12:33.708026,0 days 00:00:38.297473,fixed,726.0,True,5,,https://lua.org/start.html,COMPLETE
16,0.9799656569957733,0.9658978174603174,1.0,1.0,2026-08-30 05:12:33.721415,2026-08-30 05:13:17.931423,0 days 00:00:44.210008,fixed,340.0,False,8,,https://lua.org/start.html,COMPLETE
17,0.801547646522522,0.9777777777777777,1.0,1.0,2026-08-30 05:13:17.944404,2026-08-30 05:13:58.872853,0 days 00:00:40.928449,fixed,317.0,False,8,,https://lua.org/start.html,COMPLETE
18,0.9176797568798065,1.0,1.0,1.0,2026-08-30 05:13:58.886853,2026-08-30 05:14:37.690886,0 days 00:00:38.804033,fixed,328.0,False,8,,https://lua.org/start.html,COMPLETE
19,0.8964959532022476,1.0,1.0,1.0,2026-08-30 05:14:37.702619,2026-08-30 05:15:12.012672,0 days 00:00:34.310053,fixed,785.0,False,7,,https://lua.org/start.html,COMPLETE
20,0.971657007932663,0.9875,1.0,0.75,2026-08-30 05:15:12.024531,2026-08-30 05:16:01.297777,0 days 00:00:49.273246,fixed,445.0,False,10,,https://lua.org/start.html,COMPLETE
21,0.932974174618721,0.8655877976190476,0.9375,0.75,2026-08-30 05:16:01.323224,2026-08-30 05:16:41.890013,0 days 00:00:40.566789,fixed,81.0,True,5,,https://lua.org/start.html,COMPLETE
22,0.9690342843532562,1.0,1.0,1.0,2026-08-30 05:16:41.910460,2026-08-30 05:17:16.979628,0 days 00:00:35.069168,fixed,810.0,True,5,,https://lua.org/start.html,COMPLETE
23,0.8433022499084473,0.9,1.0,0.75,2026-08-30 05:17:16.988454,2026-08-30 05:18:12.256245,0 days 00:00:55.267791,semantic,,True,3,0.5980180737704534,https://lua.org/start.html,COMPLETE
24,0.7895117253065109,1.0,1.0,1.0,2026-08-30 05:18:12.268884,2026-08-30 05:18:54.124788,0 days 00:00:41.855904,fixed,847.0,True,6,,https://www.virtualmin.com/,COMPLETE
25,0.949357658624649,0.9088654401154401,1.0,1.0,2026-08-30 05:18:54.141334,2026-08-30 05:19:38.907732,0 days 00:00:44.766398,semantic,,True,3,0.29865365854080617,https://www.virtualmin.com/,COMPLETE
26,0.7935174852609634,1.0,1.0,1.0,2026-08-30 05:19:38.919339,2026-08-30 05:20:16.800160,0 days 00:00:37.880821,fixed,844.0,True,8,,https://www.virtualmin.com/,COMPLETE
27,0.8571770042181015,1.0,1.0,1.0,2026-08-30 05:20:16.811176,2026-08-30 05:20:52.643314,0 days 00:00:35.832138,fixed,561.0,False,5,,https://www.virtualmin.com/,COMPLETE
28,0.7120080180466175,0.7956185807656395,0.5520833333333333,1.0,2026-08-30 05:20:52.656301,2026-08-30 05:22:02.568945,0 days 00:01:09.912644,semantic,,True,9,0.8703708749413352,https://www.virtualmin.com/,COMPLETE
29,0.8062433302402496,0.9123728949621807,0.875,1.0,2026-08-30 05:22:02.582685,2026-08-30 05:22:57.870515,0 days 00:00:55.287830,semantic,,False,2,0.6038833847802875,https://www.virtualmin.com/,COMPLETE
30,0.6953066289424896,0.9552777777777778,0.75,1.0,2026-08-30 05:22:57.882529,2026-08-30 05:23:39.200446,0 days 00:00:41.317917,fixed,269.0,True,5,,https://www.virtualmin.com/,COMPLETE
31,0.8571751564741135,0.9125,1.0,0.875,2026-08-30 05:23:39.211464,2026-08-30 05:24:19.742281,0 days 00:00:40.530817,fixed,475.0,False,10,,https://www.virtualmin.com/,COMPLETE
32,0.9049674421548843,1.0,1.0,0.75,2026-08-30 05:24:19.768555,2026-08-30 05:24:55.416732,0 days 00:00:35.648177,fixed,876.0,False,7,,https://www.virtualmin.com/,COMPLETE
33,0.8037981390953064,0.90625,1.0,1.0,2026-08-30 05:24:55.428492,2026-08-30 05:25:33.875179,0 days 00:00:38.446687,fixed,1022.0,True,3,,https://www.virtualmin.com/,COMPLETE
34,0.9310597330331802,0.7442392676767676,1.0,1.0,2026-08-30 05:25:33.885737,2026-08-30 05:26:31.524531,0 days 00:00:57.638794,semantic,,False,4,0.30109644235432514,https://www.virtualmin.com/,COMPLETE
35,0.8465731590986252,0.9583333333333333,1.0,1.0,2026-08-30 05:26:31.536139,2026-08-30 05:27:20.732673,0 days 00:00:49.196534,fixed,212.0,True,9,,https://www.virtualmin.com/,COMPLETE
36,0.7242963761091232,0.625,0.5,0.8333333333333333,2026-08-30 05:27:20.748621,2026-08-30 05:28:06.537562,0 days 00:00:45.788941,semantic,,True,2,0.7230244589758265,https://www.ukrfund.org/about,COMPLETE
37,0.9806065559387207,0.9791666666666666,0.75,0.75,2026-08-30 05:28:06.547185,2026-08-30 05:28:39.029882,0 days 00:00:32.482697,fixed,455.0,False,6,,https://www.ukrfund.org/about,COMPLETE
38,0.9523347467184067,0.9875,1.0,0.75,2026-08-30 05:28:39.043419,2026-08-30 05:29:17.657427,0 days 00:00:38.614008,semantic,,True,6,0.2926005801540243,https://www.ukrfund.org/about,COMPLETE
39,0.7756860852241516,0.9875,1.0,0.9166666666666666,2026-08-30 05:29:17.667338,2026-08-30 05:29:44.784438,0 days 00:00:27.117100,fixed,623.0,True,4,,https://www.ukrfund.org/about,COMPLETE
40,0.7731034457683563,1.0,1.0,0.875,2026-08-30 05:29:44.795511,2026-08-30 05:30:23.892422,0 days 00:00:39.096911,semantic,,False,8,0.10317828807470442,https://www.ukrfund.org/about,COMPLETE
41,0.7758229896426201,0.755406746031746,1.0,1.0,2026-08-30 05:30:23.902776,2026-08-30 05:30:53.900863,0 days 00:00:29.998087,fixed,473.0,True,6,,https://www.ukrfund.org/about,COMPLETE
42,0.7149057239294052,0.9583333333333334,1.0,0.625,2026-08-30 05:30:53.916090,2026-08-30 05:31:29.397343,0 days 00:00:35.481253,fixed,742.0,False,10,,https://www.ukrfund.org/about,COMPLETE
43,0.953461304306984,0.7192857142857143,1.0,1.0,2026-08-30 05:31:29.413812,2026-08-30 05:32:00.936095,0 days 00:00:31.522283,fixed,399.0,True,5,,https://www.ukrfund.org/about,COMPLETE
44,0.9497329145669937,0.8931768077601411,1.0,1.0,2026-08-30 05:32:00.948176,2026-08-30 05:32:31.965708,0 days 00:00:31.017532,fixed,782.0,True,7,,https://www.ukrfund.org/about,COMPLETE
45,0.9829254895448685,0.6051682692307693,1.0,1.0,2026-08-30 05:32:31.978541,2026-08-30 05:33:18.180281,0 days 00:00:46.201740,semantic,,True,6,0.5979635039128058,https://www.ukrfund.org/about,COMPLETE
46,0.9506106674671173,0.6875,0.5,0.6666666666666666,2026-08-30 05:33:18.194448,2026-08-30 05:33:42.512288,0 days 00:00:24.317840,fixed,166.0,False,2,,https://www.ukrfund.org/about,COMPLETE
47,0.9486488848924637,0.972985347985348,1.0,1.0,2026-08-30 05:33:42.522595,2026-08-30 05:34:12.841893,0 days 00:00:30.319298,fixed,588.0,True,3,,https://www.ukrfund.org/about,COMPLETE
48,0.41280920058488846,0.9367559523809523,0.16666666666666666,0.75,2026-08-30 05:34:12.853426,2026-08-30 05:37:08.109172,0 days 00:02:55.255746,semantic,,True,4,0.7841705589066428,https://www.arsys.net/,COMPLETE
49,0.661388449370861,0.6879807692307692,0.875,0.75,2026-08-30 05:37:08.123300,2026-08-30 05:37:42.960450,0 days 00:00:34.837150,fixed,528.0,False,4,,https://www.arsys.net/,COMPLETE
50,0.7661652788519859,0.8253968253968255,1.0,0.875,2026-08-30 05:37:42.968298,2026-08-30 05:38:15.190216,0 days 00:00:32.221918,fixed,901.0,True,9,,https://www.arsys.net/,COMPLETE
51,0.7848356477916241,0.8292861652236652,1.0,0.7,2026-08-30 05:38:15.201811,2026-08-30 05:38:52.295031,0 days 00:00:37.093220,fixed,712.0,True,5,,https://www.arsys.net/,COMPLETE
52,0.9588796645402908,0.7733969222550954,1.0,0.625,2026-08-30 05:38:52.311854,2026-08-30 05:39:26.250896,0 days 00:00:33.939042,fixed,800.0,True,5,,https://www.arsys.net/,COMPLETE
53,0.7750331871211529,0.769426406926407,0.7916666666666666,1.0,2026-08-30 05:39:26.261522,2026-08-30 05:40:00.266189,0 days 00:00:34.004667,fixed,899.0,True,6,,https://www.arsys.net/,COMPLETE
54,0.7866416573524475,0.8128066378066378,1.0,1.0,2026-08-30 05:40:00.278569,2026-08-30 05:41:36.945949,0 days 00:01:36.667380,semantic,,False,5,0.388777708719297,https://www.arsys.net/,COMPLETE
55,0.9233968257904053,0.8662152777777778,1.0,1.0,2026-08-30 05:41:36.962812,2026-08-30 05:42:08.541973,0 days 00:00:31.579161,fixed,961.0,True,4,,https://www.arsys.net/,COMPLETE
56,0.6869138777256012,0.7738095238095237,0.875,0.5,2026-08-30 05:42:08.554990,2026-08-30 05:42:44.521366,0 days 00:00:35.966376,fixed,654.0,True,6,,https://www.arsys.net/,COMPLETE
57,0.6745892018079758,0.8608335307854539,0.75,1.0,2026-08-30 05:42:44.536524,2026-08-30 05:44:35.906258,0 days 00:01:51.369734,semantic,,False,7,0.5145056949912892,https://www.arsys.net/,COMPLETE
58,0.5997714027762413,0.7008851267779839,1.0,1.0,2026-08-30 05:44:35.920108,2026-08-30 05:45:12.883030,0 days 00:00:36.962922,fixed,668.0,True,5,,https://www.arsys.net/,COMPLETE
59,0.7805485427379608,0.7701666688431393,1.0,0.7083333333333333,2026-08-30 05:45:12.893229,2026-08-30 05:45:47.501623,0 days 00:00:34.608394,fixed,793.0,True,6,,https://www.arsys.net/,COMPLETE
60,0.8821344524621964,0.9107142857142857,0.875,1.0,2026-08-30 05:45:47.511280,2026-08-30 05:47:04.416478,0 days 00:01:16.905198,semantic,,False,4,0.20963145990208534,https://dnsimple.com/pricing,COMPLETE
61,0.808172345161438,0.9495535714285714,0.9083333333333333,0.9166666666666666,2026-08-30 05:47:04.431052,2026-08-30 05:47:39.211981,0 days 00:00:34.780929,fixed,840.0,True,5,,https://dnsimple.com/pricing,COMPLETE
62,0.9493104815483093,0.8833333333333333,0.825,1.0,2026-08-30 05:47:39.225260,2026-08-30 05:49:05.361440,0 days 00:01:26.136180,semantic,,True,5,0.4007390449992473,https://dnsimple.com/pricing,COMPLETE
63,0.6165300086140633,0.8121913580246913,0.6416666666666666,0.875,2026-08-30 05:49:05.374302,2026-08-30 05:49:40.574371,0 days 00:00:35.200069,fixed,736.0,False,3,,https://dnsimple.com/pricing,COMPLETE
64,0.9567672610282898,0.9263888888888889,0.9166666666666666,1.0,2026-08-30 05:49:40.587386,2026-08-30 05:50:19.553304,0 days 00:00:38.965918,fixed,1024.0,True,5,,https://dnsimple.com/pricing,COMPLETE
65,0.8955394923686981,0.771632326007326,0.6333333333333333,1.0,2026-08-30 05:50:19.564757,2026-08-30 05:51:54.498876,0 days 00:01:34.934119,semantic,,True,10,0.5160165515443471,https://dnsimple.com/pricing,COMPLETE
66,0.8771520853042603,0.8596230158730158,0.625,1.0,2026-08-30 05:51:54.510341,2026-08-30 05:52:36.256331,0 days 00:00:41.745990,fixed,393.0,False,4,,https://dnsimple.com/pricing,COMPLETE
67,0.7128555402159691,1.0,0.725,0.9,2026-08-30 05:52:36.265399,2026-08-30 05:53:11.703175,0 days 00:00:35.437776,fixed,925.0,True,8,,https://dnsimple.com/pricing,COMPLETE
68,0.7991840913891792,0.8589186507936507,0.8166666666666667,0.9583333333333334,2026-08-30 05:53:11.720701,2026-08-30 05:54:32.093969,0 days 00:01:20.373268,semantic,,True,6,0.21515367184880713,https://dnsimple.com/pricing,COMPLETE
69,0.79520633071661,0.668874007936508,0.825,0.875,2026-08-30 05:54:32.110051,2026-08-30 05:55:06.506674,0 days 00:00:34.396623,fixed,348.0,False,7,,https://dnsimple.com/pricing,COMPLETE
70,0.721559964120388,0.8674999999999999,0.7166666666666667,0.75,2026-08-30 05:55:06.516286,2026-08-30 05:55:43.803625,0 days 00:00:37.287339,fixed,688.0,True,5,,https://dnsimple.com/pricing,COMPLETE
71,0.8776099979877472,0.8260416666666667,0.8083333333333333,0.96875,2026-08-30 05:55:43.820170,2026-08-30 05:57:08.083144,0 days 00:01:24.262974,semantic,,True,2,0.3721551092074368,https://dnsimple.com/pricing,COMPLETE
72,0.9162738919258118,0.9608333333333332,1.0,1.0,2026-08-30 05:57:08.102810,2026-08-30 05:59:05.300258,0 days 00:01:57.197448,semantic,,True,3,0.6035219774721702,https://www.sfu.ca/students/admission/apply.html,COMPLETE
73,0.7700528986752033,0.6666666666666666,1.0,1.0,2026-08-30 05:59:05.311814,2026-08-30 06:00:19.699208,0 days 00:01:14.387394,semantic,,True,6,0.2637819785515172,https://www.sfu.ca/students/admission/apply.html,COMPLETE
74,0.7756985761225224,0.8717416842416842,0.75,0.9375,2026-08-30 06:00:19.712734,2026-08-30 06:01:40.209876,0 days 00:01:20.497142,semantic,,True,2,0.13238251256555061,https://www.sfu.ca/students/admission/apply.html,COMPLETE
75,0.7763244397938251,0.9513888888888888,0.75,0.75,2026-08-30 06:01:40.221447,2026-08-30 06:03:01.236899,0 days 00:01:21.015452,semantic,,True,3,0.45128981156644876,https://www.sfu.ca/students/admission/apply.html,COMPLETE
76,0.7831057123839855,1.0,0.75,1.0,2026-08-30 06:03:01.247359,2026-08-30 06:04:16.189303,0 days 00:01:14.941944,semantic,,True,4,0.35524052083242663,https://www.sfu.ca/students/admission/apply.html,COMPLETE
77,0.7777149714529514,0.7123106060606061,0.5,0.75,2026-08-30 06:04:16.198596,2026-08-30 06:06:32.279215,0 days 00:02:16.080619,semantic,,True,6,0.8840774507499618,https://www.sfu.ca/students/admission/apply.html,COMPLETE
78,0.8906146585941315,1.0,0.75,1.0,2026-08-30 06:06:32.289992,2026-08-30 06:07:05.964647,0 days 00:00:33.674655,fixed,126.0,False,9,,https://www.sfu.ca/students/admission/apply.html,COMPLETE
79,0.5913277007639408,0.7834722222222221,1.0,1.0,2026-08-30 06:07:05.975231,2026-08-30 06:07:44.286189,0 days 00:00:38.310958,fixed,828.0,True,7,,https://www.sfu.ca/students/admission/apply.html,COMPLETE
80,0.7528023533523083,0.7978670634920635,0.75,1.0,2026-08-30 06:07:44.296946,2026-08-30 06:09:09.305748,0 days 00:01:25.008802,semantic,,True,4,0.6811148811335094,https://www.sfu.ca/students/admission/apply.html,COMPLETE
81,0.9358596354722977,0.9448732943469785,0.5,1.0,2026-08-30 06:09:09.317201,2026-08-30 06:09:44.512810,0 days 00:00:35.195609,fixed,769.0,True,3,,https://www.sfu.ca/students/admission/apply.html,COMPLETE
82,0.5862566865980625,0.90625,1.0,1.0,2026-08-30 06:09:44.524652,2026-08-30 06:10:16.594497,0 days 00:00:32.069845,fixed,872.0,False,8,,https://www.sfu.ca/students/admission/apply.html,COMPLETE
83,0.41368380188941956,0.7688166578791578,0.5,0.625,2026-08-30 06:10:16.606292,2026-08-30 06:11:50.944443,0 days 00:01:34.338151,semantic,,True,3,0.7746798494204419,https://www.sfu.ca/students/admission/apply.html,COMPLETE
84,0.8941688239574432,0.8972222222222221,0.75,0.75,2026-08-30 06:11:50.955547,2026-08-30 06:12:23.899697,0 days 00:00:32.944150,fixed,262.0,True,2,,https://www.dji.com/nl/power-140w-gan-charger?site=brandsite&from=landing_page,COMPLETE
85,0.9070742875337601,0.9388888888888889,0.75,1.0,2026-08-30 06:12:23.911560,2026-08-30 06:12:55.659182,0 days 00:00:31.747622,fixed,624.0,False,4,,https://www.dji.com/nl/power-140w-gan-charger?site=brandsite&from=landing_page,COMPLETE
86,0.9122097194194794,0.9583333333333334,1.0,0.75,2026-08-30 06:12:55.683083,2026-08-30 06:13:38.489833,0 days 00:00:42.806750,semantic,,True,5,0.16088569436674438,https://www.dji.com/nl/power-140w-gan-charger?site=brandsite&from=landing_page,COMPLETE
87,0.9801780432462692,0.818029143475572,1.0,1.0,2026-08-30 06:13:38.500918,2026-08-30 06:14:10.406311,0 days 00:00:31.905393,fixed,507.0,True,4,,https://www.dji.com/nl/power-140w-gan-charger?site=brandsite&from=landing_page,COMPLETE
88,0.9579329043626785,0.7674900793650794,1.0,0.875,2026-08-30 06:14:10.415621,2026-08-30 06:14:50.776084,0 days 00:00:40.360463,fixed,450.0,True,3,,https://www.dji.com/nl/power-140w-gan-charger?site=brandsite&from=landing_page,COMPLETE
89,0.9244742393493652,0.925,1.0,1.0,2026-08-30 06:14:50.786414,2026-08-30 06:15:24.052885,0 days 00:00:33.266471,fixed,937.0,False,3,,https://www.dji.com/nl/power-140w-gan-charger?site=brandsite&from=landing_page,COMPLETE
90,0.9709236770868301,0.8012235449735449,1.0,0.875,2026-08-30 06:15:24.065707,2026-08-30 06:16:10.018169,0 days 00:00:45.952462,semantic,,True,4,0.2434040867705318,https://www.dji.com/nl/power-140w-gan-charger?site=brandsite&from=landing_page,COMPLETE
91,0.976641058921814,0.811739417989418,0.75,1.0,2026-08-30 06:16:10.028329,2026-08-30 06:16:44.994950,0 days 00:00:34.966621,fixed,527.0,True,9,,https://www.dji.com/nl/power-140w-gan-charger?site=brandsite&from=landing_page,COMPLETE
92,0.974720299243927,0.8138888888888889,1.0,1.0,2026-08-30 06:16:45.006217,2026-08-30 06:17:19.361635,0 days 00:00:34.355418,fixed,815.0,True,5,,https://www.dji.com/nl/power-140w-gan-charger?site=brandsite&from=landing_page,COMPLETE
93,0.9828892946243286,0.9358974358974359,1.0,1.0,2026-08-30 06:17:19.373036,2026-08-30 06:17:58.430418,0 days 00:00:39.057382,semantic,,False,6,0.4675205305709907,https://www.dji.com/nl/power-140w-gan-charger?site=brandsite&from=landing_page,COMPLETE
94,0.8161109089851379,0.9166666666666666,0.75,1.0,2026-08-30 06:17:58.448776,2026-08-30 06:18:28.677387,0 days 00:00:30.228611,fixed,993.0,False,6,,https://www.dji.com/nl/power-140w-gan-charger?site=brandsite&from=landing_page,COMPLETE
95,0.9726229310035706,0.9194444444444445,0.75,0.875,2026-08-30 06:18:28.695646,2026-08-30 06:19:03.589729,0 days 00:00:34.894083,fixed,763.0,False,5,,https://www.dji.com/nl/power-140w-gan-charger?site=brandsite&from=landing_page,COMPLETE
96,0.5978250652551651,1.0,0.75,0.75,2026-08-30 06:19:03.599061,2026-08-30 06:19:29.575473,0 days 00:00:25.976412,fixed,868.0,False,5,,https://www.rtbhouse.com/,COMPLETE
97,0.7859314680099487,0.9166666666666666,1.0,1.0,2026-08-30 06:19:29.585377,2026-08-30 06:20:01.607964,0 days 00:00:32.022587,fixed,716.0,True,10,,https://www.rtbhouse.com/,COMPLETE
98,0.7278540506958961,0.49186507936507934,1.0,1.0,2026-08-30 06:20:01.618901,2026-08-30 06:20:40.575327,0 days 00:00:38.956426,fixed,204.0,True,6,,https://www.rtbhouse.com/,COMPLETE
99,0.9620154052972794,0.8560606060606061,1.0,1.0,2026-08-30 06:20:40.585447,2026-08-30 06:21:09.028586,0 days 00:00:28.443139,fixed,606.0,True,8,,https://www.rtbhouse.com/,COMPLETE
100,0.9291606098413467,0.8979166666666667,1.0,0.625,2026-08-30 06:21:09.044243,2026-08-30 06:21:38.931909,0 days 00:00:29.887666,fixed,283.0,False,4,,https://www.rtbhouse.com/,COMPLETE
101,0.939878448843956,0.925,1.0,0.875,2026-08-30 06:21:38.944615,2026-08-30 06:22:06.212452,0 days 00:00:27.267837,fixed,759.0,False,5,,https://www.rtbhouse.com/,COMPLETE
102,0.9455966055393219,1.0,1.0,0.875,2026-08-30 06:22:06.223364,2026-08-30 06:22:32.772736,0 days 00:00:26.549372,fixed,900.0,True,6,,https://www.rtbhouse.com/,COMPLETE
103,0.756426602602005,0.8382936507936508,1.0,0.875,2026-08-30 06:22:32.792080,2026-08-30 06:23:02.742113,0 days 00:00:29.950033,fixed,693.0,True,5,,https://www.rtbhouse.com/,COMPLETE
104,0.8662137240171432,0.9375,1.0,0.75,2026-08-30 06:23:02.759889,2026-08-30 06:23:31.227505,0 days 00:00:28.467616,fixed,760.0,False,7,,https://www.rtbhouse.com/,COMPLETE
105,0.9636613726615906,0.7568560606060606,1.0,0.875,2026-08-30 06:23:31.245626,2026-08-30 06:23:58.552003,0 days 00:00:27.306377,fixed,367.0,True,6,,https://www.rtbhouse.com/,COMPLETE
106,0.9640111029148102,1.0,1.0,0.75,2026-08-30 06:23:58.568245,2026-08-30 06:24:25.880302,0 days 00:00:27.312057,fixed,811.0,True,4,,https://www.rtbhouse.com/,COMPLETE
107,0.5755409933626652,0.7505050505050506,0.5,0.75,2026-08-30 06:24:25.890551,2026-08-30 06:25:09.430132,0 days 00:00:43.539581,semantic,,True,5,0.5608172040199543,https://www.rtbhouse.com/,COMPLETE
108,0.9640763700008392,0.8275,1.0,1.0,2026-08-30 06:25:09.445128,2026-08-30 06:25:49.960620,0 days 00:00:40.515492,fixed,858.0,False,10,,https://www.yourhosting.nl/,COMPLETE
109,0.9479082524776459,0.8113492063492063,1.0,1.0,2026-08-30 06:25:49.978830,2026-08-30 06:26:30.336785,0 days 00:00:40.357955,fixed,506.0,True,6,,https://www.yourhosting.nl/,COMPLETE
110,0.7337519079446793,0.8150642579517013,0.55,1.0,2026-08-30 06:26:30.346358,2026-08-30 06:28:42.278004,0 days 00:02:11.931646,semantic,,True,9,0.7002924081945079,https://www.yourhosting.nl/,COMPLETE
111,0.7492412626743317,0.7929692926121498,1.0,1.0,2026-08-30 06:28:42.288429,2026-08-30 06:29:19.689086,0 days 00:00:37.400657,fixed,828.0,True,4,,https://www.yourhosting.nl/,COMPLETE
112,0.7772393189370632,0.732619724025974,1.0,0.75,2026-08-30 06:29:19.710251,2026-08-30 06:29:54.655580,0 days 00:00:34.945329,fixed,801.0,True,7,,https://www.yourhosting.nl/,COMPLETE
113,0.5990823172032833,0.8625,0.5833333333333334,0.75,2026-08-30 06:29:54.665146,2026-08-30 06:30:37.179263,0 days 00:00:42.514117,fixed,103.0,False,4,,https://www.yourhosting.nl/,COMPLETE
114,0.40697842463850975,0.8965277777777778,0.375,0.875,2026-08-30 06:30:37.189602,2026-08-30 06:32:58.919473,0 days 00:02:21.729871,semantic,,True,5,0.825674481386468,https://www.yourhosting.nl/,COMPLETE
115,0.8403970748186111,0.8708333333333333,1.0,1.0,2026-08-30 06:32:58.931754,2026-08-30 06:33:35.849052,0 days 00:00:36.917298,fixed,963.0,True,9,,https://www.yourhosting.nl/,COMPLETE
116,0.8900740295648575,0.9458333333333333,1.0,1.0,2026-08-30 06:33:35.859759,2026-08-30 06:34:11.523670,0 days 00:00:35.663911,fixed,439.0,False,5,,https://www.yourhosting.nl/,COMPLETE
117,0.8946126848459244,0.7017826617826617,0.5833333333333334,0.625,2026-08-30 06:34:11.533134,2026-08-30 06:36:08.763559,0 days 00:01:57.230425,semantic,,True,8,0.6587077918741222,https://www.yourhosting.nl/,COMPLETE
118,0.8481608331203461,0.8091666666666666,1.0,0.9166666666666666,2026-08-30 06:36:08.774304,2026-08-30 06:36:47.122368,0 days 00:00:38.348064,fixed,730.0,True,6,,https://www.yourhosting.nl/,COMPLETE
119,0.7895488813519478,0.9231547619047619,1.0,0.9583333333333334,2026-08-30 06:36:47.134445,2026-08-30 06:37:23.338556,0 days 00:00:36.204111,fixed,909.0,False,7,,https://www.yourhosting.nl/,COMPLETE
120,0.4766789861023426,0.8075520833333333,0.5833333333333334,0.5,2026-08-30 06:37:23.357688,2026-08-30 06:38:11.183398,0 days 00:00:47.825710,semantic,,True,4,0.44946120667442724,https://www.dictionary.com/articles/what-are-idioms,COMPLETE
121,0.7035364881157875,0.8357429453262788,0.75,0.75,2026-08-30 06:38:11.196974,2026-08-30 06:38:44.684340,0 days 00:00:33.487366,fixed,297.0,True,5,,https://www.dictionary.com/articles/what-are-idioms,COMPLETE
122,0.49447161704301834,0.7756944444444444,0.9166666666666666,0.5416666666666666,2026-08-30 06:38:44.701826,2026-08-30 06:39:22.324482,0 days 00:00:37.622656,fixed,225.0,True,5,,https://www.dictionary.com/articles/what-are-idioms,COMPLETE
123,0.8130509257316589,0.9486819727891156,0.6416666666666666,0.6875,2026-08-30 06:39:22.333834,2026-08-30 06:40:00.271364,0 days 00:00:37.937530,semantic,,False,5,0.16048068986550257,https://www.dictionary.com/articles/what-are-idioms,COMPLETE
124,0.7463047057390213,0.6301587301587301,0.5625,0.3333333333333333,2026-08-30 06:40:00.281973,2026-08-30 06:40:36.123635,0 days 00:00:35.841662,fixed,70.0,True,5,,https://www.dictionary.com/articles/what-are-idioms,COMPLETE
125,0.684309296309948,0.8825892857142856,0.7708333333333334,0.6666666666666666,2026-08-30 06:40:36.134880,2026-08-30 06:41:09.302876,0 days 00:00:33.167996,fixed,778.0,True,5,,https://www.dictionary.com/articles/what-are-idioms,COMPLETE
126,0.7131598368287086,0.9773384353741497,0.6458333333333333,0.6666666666666666,2026-08-30 06:41:09.313547,2026-08-30 06:41:42.804507,0 days 00:00:33.490960,semantic,,True,2,0.3439042304379409,https://www.dictionary.com/articles/what-are-idioms,COMPLETE
127,0.6660082712769508,0.8340419501133787,0.6625,0.5,2026-08-30 06:41:42.816337,2026-08-30 06:42:12.600383,0 days 00:00:29.784046,fixed,810.0,False,5,,https://www.dictionary.com/articles/what-are-idioms,COMPLETE
128,0.935945525765419,0.8692956349206349,0.9166666666666666,0.4583333333333333,2026-08-30 06:42:12.611720,2026-08-30 06:42:45.527293,0 days 00:00:32.915573,fixed,575.0,True,5,,https://www.dictionary.com/articles/what-are-idioms,COMPLETE
129,0.3185809701681137,0.6708333333333333,0.6625,1.0,2026-08-30 06:42:45.536606,2026-08-30 06:43:30.554183,0 days 00:00:45.017577,semantic,,True,5,0.826185374938387,https://www.dictionary.com/articles/what-are-idioms,COMPLETE
130,0.5829449184238911,0.8950396825396826,0.8041666666666667,0.3333333333333333,2026-08-30 06:43:30.567659,2026-08-30 06:44:02.080490,0 days 00:00:31.512831,fixed,845.0,False,5,,https://www.dictionary.com/articles/what-are-idioms,COMPLETE
131,0.7378308922052383,0.853125,0.8666666666666667,0.75,2026-08-30 06:44:02.088846,2026-08-30 06:44:37.780393,0 days 00:00:35.691547,fixed,674.0,True,5,,https://www.dictionary.com/articles/what-are-idioms,COMPLETE
132,0.6807115823030472,0.4666666666666667,0.5,0.6666666666666666,2026-08-30 06:44:37.790930,2026-08-30 06:45:37.949377,0 days 00:01:00.158447,semantic,,True,5,0.5663922029741955,https://imunify360.com/,COMPLETE
133,0.6923814453184605,0.75,0.7083333333333334,1.0,2026-08-30 06:45:37.960102,2026-08-30 06:46:09.986405,0 days 00:00:32.026303,fixed,751.0,False,2,,https://imunify360.com/,COMPLETE
134,0.7280097380280495,0.7743055555555556,1.0,1.0,2026-08-30 06:46:09.996874,2026-08-30 06:46:46.865522,0 days 00:00:36.868648,fixed,639.0,True,10,,https://imunify360.com/,COMPLETE
135,0.6368647329509258,0.4906635802469136,0.75,0.9375,2026-08-30 06:46:46.885866,2026-08-30 06:47:37.578095,0 days 00:00:50.692229,semantic,,True,5,0.47271442671980807,https://imunify360.com/,COMPLETE
136,0.7827389873564243,0.8894841269841269,0.9583333333333334,1.0,2026-08-30 06:47:37.588689,2026-08-30 06:48:11.636150,0 days 00:00:34.047461,fixed,890.0,True,4,,https://imunify360.com/,COMPLETE
137,0.7776697874069214,0.9920634920634921,0.9583333333333334,0.65,2026-08-30 06:48:11.654557,2026-08-30 06:48:51.877133,0 days 00:00:40.222576,fixed,167.0,False,8,,https://imunify360.com/,COMPLETE
138,0.8322196304798126,0.84375,0.9583333333333334,1.0,2026-08-30 06:48:51.893464,2026-08-30 06:49:39.066644,0 days 00:00:47.173180,semantic,,True,6,0.32365853003578304,https://imunify360.com/,COMPLETE
139,0.7435135319828987,0.8361309523809524,0.9583333333333334,0.8333333333333334,2026-08-30 06:49:39.077784,2026-08-30 06:50:13.357810,0 days 00:00:34.280026,fixed,708.0,True,5,,https://imunify360.com/,COMPLETE
140,0.9108690470457077,0.8004709576138147,0.9583333333333334,0.8125,2026-08-30 06:50:13.372169,2026-08-30 06:50:51.082155,0 days 00:00:37.709986,fixed,980.0,False,6,,https://imunify360.com/,COMPLETE
141,0.7225699573755264,0.9963557323902152,0.9583333333333334,0.8333333333333333,2026-08-30 06:50:51.105293,2026-08-30 06:51:31.342706,0 days 00:00:40.237413,fixed,785.0,True,3,,https://imunify360.com/,COMPLETE
142,0.9209741353988647,0.7790134055759056,0.9583333333333334,1.0,2026-08-30 06:51:31.351820,2026-08-30 06:52:05.584100,0 days 00:00:34.232280,fixed,830.0,True,4,,https://imunify360.com/,COMPLETE
143,0.365374643355608,0.741087962962963,0.35416666666666663,0.875,2026-08-30 06:52:05.593964,2026-08-30 06:53:09.160889,0 days 00:01:03.566925,semantic,,True,3,0.6390852084048572,https://imunify360.com/,COMPLETE
144,0.4349738880991936,0.75,0.21250000000000002,1.0,2026-08-30 06:53:09.178949,2026-08-30 06:53:47.754103,0 days 00:00:38.575154,fixed,877.0,True,6,,https://www.harica.gr/,COMPLETE
145,0.3833071142435074,0.7276785714285714,0.13125,0.75,2026-08-30 06:53:47.763611,2026-08-30 06:54:27.070029,0 days 00:00:39.306418,fixed,927.0,False,7,,https://www.harica.gr/,COMPLETE
146,0.5684896036982536,0.971875,0.2,0.9166666666666666,2026-08-30 06:54:27.091140,2026-08-30 06:54:58.803116,0 days 00:00:31.711976,semantic,,True,4,0.40999312759676365,https://www.harica.gr/,COMPLETE
147,0.5405311249196529,0.75,0.1,0.875,2026-08-30 06:54:58.815020,2026-08-30 06:55:32.048555,0 days 00:00:33.233535,fixed,376.0,True,6,,https://www.harica.gr/,COMPLETE
148,0.7905863858759403,0.4107142857142857,0.13125,1.0,2026-08-30 06:55:32.058449,2026-08-30 06:56:05.882500,0 days 00:00:33.824051,fixed,318.0,False,4,,https://www.harica.gr/,COMPLETE
149,0.5941915586590767,0.7357142857142858,0.29375,0.75,2026-08-30 06:56:05.893440,2026-08-30 06:56:41.171148,0 days 00:00:35.277708,fixed,850.0,True,3,,https://www.harica.gr/,COMPLETE
150,0.7524643577635288,0.4746031746031746,0.40625,0.625,2026-08-30 06:56:41.182710,2026-08-30 06:57:19.375703,0 days 00:00:38.192993,semantic,,True,6,0.7354416693064743,https://www.harica.gr/,COMPLETE
151,0.7692234665155411,0.75,0.42500000000000004,0.75,2026-08-30 06:57:19.387775,2026-08-30 06:57:53.873696,0 days 00:00:34.485921,fixed,813.0,True,9,,https://www.harica.gr/,COMPLETE
152,0.9198223948478699,0.75,0.1,0.5,2026-08-30 06:57:53.884342,2026-08-30 06:58:31.774286,0 days 00:00:37.889944,fixed,487.0,False,7,,https://www.harica.gr/,COMPLETE
153,0.41481414809823036,0.7276785714285714,0.44375,0.75,2026-08-30 06:58:31.793123,2026-08-30 06:59:06.449040,0 days 00:00:34.655917,fixed,239.0,True,4,,https://www.harica.gr/,COMPLETE
154,0.5462201461195946,0.4586451247165533,0.5375000000000001,0.5833333333333333,2026-08-30 06:59:06.459203,2026-08-30 06:59:39.960873,0 days 00:00:33.501670,fixed,597.0,True,2,,https://www.harica.gr/,COMPLETE
155,0.5431133881211281,0.2857142857142857,0.18125,0.75,2026-08-30 06:59:39.970813,2026-08-30 07:00:20.255408,0 days 00:00:40.284595,semantic,,True,8,0.10352412182781179,https://www.harica.gr/,COMPLETE
156,0.9111553281545639,1.0,0.9375,1.0,2026-08-30 07:00:20.266501,2026-08-30 07:00:54.446920,0 days 00:00:34.180419,fixed,739.0,False,10,,https://getcomposer.org/doc/00-intro.md,COMPLETE
157,0.7844779826700687,0.9857142857142858,0.9375,1.0,2026-08-30 07:00:54.457229,2026-08-30 07:01:31.217888,0 days 00:00:36.760659,fixed,795.0,True,3,,https://getcomposer.org/doc/00-intro.md,COMPLETE
158,0.931916207075119,0.9385661957090529,1.0,1.0,2026-08-30 07:01:31.230889,2026-08-30 07:02:24.357906,0 days 00:00:53.127017,semantic,,True,6,0.27804623124982164,https://getcomposer.org/doc/00-intro.md,COMPLETE
159,0.9492842555046082,0.9041666666666667,0.9375,1.0,2026-08-30 07:02:24.369483,2026-08-30 07:03:00.543436,0 days 00:00:36.173953,fixed,167.0,False,6,,https://getcomposer.org/doc/00-intro.md,COMPLETE
160,0.9529248028993607,0.9388888888888889,1.0,1.0,2026-08-30 07:03:00.553663,2026-08-30 07:03:31.227958,0 days 00:00:30.674295,fixed,884.0,True,7,,https://getcomposer.org/doc/00-intro.md,COMPLETE
161,0.7438367679715157,0.9078959235209235,0.875,1.0,2026-08-30 07:03:31.242212,2026-08-30 07:04:04.960868,0 days 00:00:33.718656,fixed,773.0,True,8,,https://getcomposer.org/doc/00-intro.md,COMPLETE
162,0.8154186010360718,0.8137413512413513,0.4375,0.5,2026-08-30 07:04:04.974419,2026-08-30 07:05:13.758052,0 days 00:01:08.783633,semantic,,True,9,0.8459297434380797,https://getcomposer.org/doc/00-intro.md,COMPLETE
163,0.8888837993144989,0.8591269841269841,0.9375,1.0,2026-08-30 07:05:13.769050,2026-08-30 07:05:46.433466,0 days 00:00:32.664416,fixed,818.0,True,4,,https://getcomposer.org/doc/00-intro.md,COMPLETE
164,0.947499692440033,0.9843264374514374,1.0,1.0,2026-08-30 07:05:46.453194,2026-08-30 07:06:23.375956,0 days 00:00:36.922762,fixed,862.0,False,4,,https://getcomposer.org/doc/00-intro.md,COMPLETE
165,0.9258244633674622,0.9538194444444444,0.9375,1.0,2026-08-30 07:06:23.386099,2026-08-30 07:07:01.822566,0 days 00:00:38.436467,fixed,862.0,False,4,,https://getcomposer.org/doc/00-intro.md,COMPLETE
166,0.83124940097332,0.9122023809523809,0.8125,1.0,2026-08-30 07:07:01.837512,2026-08-30 07:07:45.417569,0 days 00:00:43.580057,semantic,,True,2,0.5578828780520338,https://getcomposer.org/doc/00-intro.md,COMPLETE
167,0.9043740183115005,0.9069083694083694,0.9375,1.0,2026-08-30 07:07:45.426833,2026-08-30 07:08:24.725476,0 days 00:00:39.298643,fixed,833.0,True,7,,https://getcomposer.org/doc/00-intro.md,COMPLETE
168,0.7263976596295834,1.0,1.0,0.625,2026-08-30 07:08:24.738035,2026-08-30 07:09:03.607156,0 days 00:00:38.869121,fixed,759.0,False,4,,https://giantpanda.com/,COMPLETE
169,0.692646075040102,1.0,1.0,1.0,2026-08-30 07:09:03.617864,2026-08-30 07:09:38.340635,0 days 00:00:34.722771,fixed,541.0,True,7,,https://giantpanda.com/,COMPLETE
170,0.9401991367340088,0.7945171957671958,0.575,1.0,2026-08-30 07:09:38.349255,2026-08-30 07:10:21.815671,0 days 00:00:43.466416,semantic,,True,5,0.7504487973756382,https://giantpanda.com/,COMPLETE
171,0.7873631045222282,1.0,1.0,0.75,2026-08-30 07:10:21.828630,2026-08-30 07:10:54.223768,0 days 00:00:32.395138,fixed,132.0,False,5,,https://giantpanda.com/,COMPLETE
172,0.770307369530201,0.9904336734693877,1.0,1.0,2026-08-30 07:10:54.235826,2026-08-30 07:11:24.301042,0 days 00:00:30.065216,fixed,700.0,True,5,,https://giantpanda.com/,COMPLETE
173,0.7350193224847317,1.0,1.0,1.0,2026-08-30 07:11:24.312050,2026-08-30 07:11:57.895319,0 days 00:00:33.583269,semantic,,True,5,0.42217992568071916,https://giantpanda.com/,COMPLETE
174,0.8690755218267441,0.9875,1.0,1.0,2026-08-30 07:11:57.904709,2026-08-30 07:12:32.969476,0 days 00:00:35.064767,fixed,348.0,True,5,,https://giantpanda.com/,COMPLETE
175,0.7636787928640842,0.9791666666666666,1.0,1.0,2026-08-30 07:12:32.979508,2026-08-30 07:13:04.446267,0 days 00:00:31.466759,fixed,425.0,False,5,,https://giantpanda.com/,COMPLETE
176,0.9603186845779419,0.9370039682539683,1.0,1.0,2026-08-30 07:13:04.464941,2026-08-30 07:13:47.521846,0 days 00:00:43.056905,semantic,,True,5,0.24207751687751256,https://giantpanda.com/,COMPLETE
177,0.9298399239778519,0.9791666666666666,1.0,1.0,2026-08-30 07:13:47.533798,2026-08-30 07:14:36.018524,0 days 00:00:48.484726,semantic,,True,6,0.2397079240879551,https://giantpanda.com/,COMPLETE
178,0.8282452970743179,1.0,1.0,1.0,2026-08-30 07:14:36.029631,2026-08-30 07:15:08.918823,0 days 00:00:32.889192,fixed,794.0,True,10,,https://giantpanda.com/,COMPLETE
179,0.7351720817387104,1.0,1.0,1.0,2026-08-30 07:15:08.930085,2026-08-30 07:15:40.924328,0 days 00:00:31.994243,fixed,731.0,False,3,,https://giantpanda.com/,COMPLETE
180,0.9815332144498825,0.9875,1.0,1.0,2026-08-30 07:15:40.935567,2026-08-30 07:16:13.174153,0 days 00:00:32.238586,fixed,1006.0,True,9,,https://www.wufoo.com/,COMPLETE
181,0.9839044511318207,0.9583333333333334,1.0,1.0,2026-08-30 07:16:13.182979,2026-08-30 07:16:47.687334,0 days 00:00:34.504355,semantic,,True,9,0.1764560115476435,https://www.wufoo.com/,COMPLETE
182,0.9254768341779709,0.8231547619047619,1.0,0.75,2026-08-30 07:16:47.696549,2026-08-30 07:17:14.326669,0 days 00:00:26.630120,fixed,901.0,True,9,,https://www.wufoo.com/,COMPLETE
183,0.9832463413476944,1.0,1.0,0.75,2026-08-30 07:17:14.336849,2026-08-30 07:17:44.079936,0 days 00:00:29.743087,fixed,1008.0,True,9,,https://www.wufoo.com/,COMPLETE
184,0.9832229167222977,0.8968253968253969,0.9375,0.75,2026-08-30 07:17:44.090032,2026-08-30 07:18:13.399280,0 days 00:00:29.309248,fixed,1008.0,True,9,,https://www.wufoo.com/,COMPLETE
185,0.9832463413476944,0.7983333333333333,1.0,1.0,2026-08-30 07:18:13.411055,2026-08-30 07:18:40.950176,0 days 00:00:27.539121,fixed,952.0,True,9,,https://www.wufoo.com/,COMPLETE
186,0.9847823679447174,0.8447420634920635,1.0,1.0,2026-08-30 07:18:40.962701,2026-08-30 07:19:11.023575,0 days 00:00:30.060874,fixed,1011.0,True,9,,https://www.wufoo.com/,COMPLETE
187,0.9838101714849472,0.9056547619047619,1.0,0.6666666666666666,2026-08-30 07:19:11.036825,2026-08-30 07:19:40.373972,0 days 00:00:29.337147,fixed,995.0,True,9,,https://www.wufoo.com/,COMPLETE
188,0.9832229167222977,0.9895833333333334,1.0,0.625,2026-08-30 07:19:40.391444,2026-08-30 07:20:13.137731,0 days 00:00:32.746287,fixed,1008.0,True,9,,https://www.wufoo.com/,COMPLETE
189,0.9832229167222977,0.9419981060606061,1.0,0.75,2026-08-30 07:20:13.147024,2026-08-30 07:20:43.878373,0 days 00:00:30.731349,fixed,1009.0,True,9,,https://www.wufoo.com/,COMPLETE
190,0.8088101744651794,0.8831407307969807,0.9375,0.8333333333333334,2026-08-30 07:20:43.887610,2026-08-30 07:21:13.924282,0 days 00:00:30.036672,fixed,1003.0,True,9,,https://www.wufoo.com/,COMPLETE
191,0.98517906665802,0.9267857142857143,1.0,1.0,2026-08-30 07:21:13.934311,2026-08-30 07:21:44.733198,0 days 00:00:30.798887,fixed,999.0,True,9,,https://www.wufoo.com/,COMPLETE
192,0.981934642791748,0.95,1.0,0.8,2026-08-30 07:21:44.742812,2026-08-30 07:22:20.636016,0 days 00:00:35.893204,fixed,979.0,True,9,,https://www.gnome.org/,COMPLETE
193,0.9850432872772217,0.9608333333333334,1.0,1.0,2026-08-30 07:22:20.651091,2026-08-30 07:22:57.132168,0 days 00:00:36.481077,fixed,968.0,True,9,,https://www.gnome.org/,COMPLETE
194,0.84293891787529,0.9511111111111111,0.8,0.8,2026-08-30 07:22:57.143100,2026-08-30 07:23:33.344486,0 days 00:00:36.201386,fixed,951.0,True,9,,https://www.gnome.org/,COMPLETE
195,0.9394486546516418,0.9076874236874236,1.0,1.0,2026-08-30 07:23:33.354709,2026-08-30 07:24:11.922545,0 days 00:00:38.567836,fixed,979.0,True,8,,https://www.gnome.org/,COMPLETE
196,0.9816221952438354,0.9400000000000001,1.0,1.0,2026-08-30 07:24:11.934655,2026-08-30 07:24:50.463619,0 days 00:00:38.528964,fixed,1023.0,True,10,,https://www.gnome.org/,COMPLETE
197,0.9822452187538147,0.9600617283950618,1.0,0.9,2026-08-30 07:24:50.476364,2026-08-30 07:25:27.121142,0 days 00:00:36.644778,fixed,919.0,True,9,,https://www.gnome.org/,COMPLETE
198,0.9834716558456421,0.9592380952380953,1.0,1.0,2026-08-30 07:25:27.133646,2026-08-30 07:26:05.545119,0 days 00:00:38.411473,fixed,918.0,True,9,,https://www.gnome.org/,COMPLETE
199,0.7993827283382415,0.887638888888889,1.0,1.0,2026-08-30 07:26:05.556507,2026-08-30 07:26:48.856271,0 days 00:00:43.299764,fixed,924.0,True,10,,https://www.gnome.org/,COMPLETE
200,0.985123610496521,0.8542656232656233,1.0,1.0,2026-08-30 07:26:48.866488,2026-08-30 07:27:28.011735,0 days 00:00:39.145247,fixed,643.0,True,8,,https://www.gnome.org/,COMPLETE
201,0.9788758993148804,0.8394444444444444,0.9,1.0,2026-08-30 07:27:28.026610,2026-08-30 07:28:04.905073,0 days 00:00:36.878463,fixed,668.0,True,9,,https://www.gnome.org/,COMPLETE
202,0.9778685212135315,0.8907936507936507,1.0,1.0,2026-08-30 07:28:04.919976,2026-08-30 07:28:45.224399,0 days 00:00:40.304423,fixed,645.0,True,8,,https://www.gnome.org/,COMPLETE
203,0.9337498188018799,0.8774478821831764,1.0,1.0,2026-08-30 07:28:45.233154,2026-08-30 07:29:28.735084,0 days 00:00:43.501930,fixed,957.0,True,9,,https://www.gnome.org/,COMPLETE
204,0.696105670183897,0.7944264069264069,1.0,0.75,2026-08-30 07:29:28.747768,2026-08-30 07:30:03.845904,0 days 00:00:35.098136,fixed,618.0,True,9,,https://www.abebooks.com/books/sell/,COMPLETE
205,0.8928013443946838,0.8228174603174603,1.0,0.75,2026-08-30 07:30:03.856497,2026-08-30 07:30:47.064421,0 days 00:00:43.207924,fixed,984.0,True,10,,https://www.abebooks.com/books/sell/,COMPLETE
206,0.7316161803901196,0.8556891025641026,1.0,0.75,2026-08-30 07:30:47.072477,2026-08-30 07:31:22.415677,0 days 00:00:35.343200,fixed,932.0,True,6,,https://www.abebooks.com/books/sell/,COMPLETE
207,0.7190186940133572,0.7270039682539682,1.0,1.0,2026-08-30 07:31:22.427109,2026-08-30 07:31:55.986483,0 days 00:00:33.559374,fixed,1020.0,True,8,,https://www.abebooks.com/books/sell/,COMPLETE
208,0.85122911632061,0.7784018450685117,1.0,0.85,2026-08-30 07:31:55.996495,2026-08-30 07:32:28.644269,0 days 00:00:32.647774,fixed,563.0,True,6,,https://www.abebooks.com/books/sell/,COMPLETE
209,0.6968479380011559,0.9323809523809523,1.0,0.75,2026-08-30 07:32:28.656278,2026-08-30 07:33:00.307240,0 days 00:00:31.650962,fixed,993.0,True,9,,https://www.abebooks.com/books/sell/,COMPLETE
210,0.7018484137952328,0.8678661616161616,0.875,1.0,2026-08-30 07:33:00.316469,2026-08-30 07:33:35.442538,0 days 00:00:35.126069,fixed,940.0,True,4,,https://www.abebooks.com/books/sell/,COMPLETE
211,0.7759545147418976,0.8825892857142856,1.0,1.0,2026-08-30 07:33:35.456961,2026-08-30 07:34:11.746061,0 days 00:00:36.289100,fixed,915.0,True,9,,https://www.abebooks.com/books/sell/,COMPLETE
212,0.7018379233777523,0.7332837301587303,0.875,1.0,2026-08-30 07:34:11.755587,2026-08-30 07:34:42.378219,0 days 00:00:30.622632,fixed,963.0,True,9,,https://www.abebooks.com/books/sell/,COMPLETE
213,0.8479580283164978,0.7844576719576719,1.0,1.0,2026-08-30 07:34:42.394282,2026-08-30 07:35:18.075914,0 days 00:00:35.681632,fixed,193.0,True,6,,https://www.abebooks.com/books/sell/,COMPLETE
214,0.8161022663116455,0.9027777777777778,1.0,0.875,2026-08-30 07:35:18.088379,2026-08-30 07:35:50.586465,0 days 00:00:32.498086,fixed,1020.0,True,4,,https://www.abebooks.com/books/sell/,COMPLETE
215,0.710201483219862,0.8656944444444444,1.0,1.0,2026-08-30 07:35:50.604859,2026-08-30 07:36:25.545675,0 days 00:00:34.940816,fixed,975.0,True,9,,https://www.abebooks.com/books/sell/,COMPLETE
216,0.9861930459737778,0.7652486600700886,1.0,1.0,2026-08-30 07:36:25.557395,2026-08-30 07:38:04.907244,0 days 00:01:39.349849,fixed,666.0,True,6,,https://churchofjesuschrist.org/,COMPLETE
217,0.9881492853164673,0.875,0.95,1.0,2026-08-30 07:38:04.926922,2026-08-30 07:38:44.599226,0 days 00:00:39.672304,fixed,679.0,True,6,,https://churchofjesuschrist.org/,COMPLETE
218,0.8897191733121872,0.8469146825396825,1.0,1.0,2026-08-30 07:38:44.615513,2026-08-30 07:39:27.659421,0 days 00:00:43.043908,fixed,658.0,True,6,,https://churchofjesuschrist.org/,COMPLETE
219,0.9427199810743332,0.8253839414553701,1.0,0.9166666666666666,2026-08-30 07:39:27.670625,2026-08-30 07:40:04.920181,0 days 00:00:37.249556,fixed,701.0,True,6,,https://churchofjesuschrist.org/,COMPLETE
220,0.952804759144783,0.76875,1.0,1.0,2026-08-30 07:40:04.928952,2026-08-30 07:40:40.156052,0 days 00:00:35.227100,fixed,630.0,True,6,,https://churchofjesuschrist.org/,COMPLETE
221,0.8971750438213348,0.7260176166426167,1.0,1.0,2026-08-30 07:40:40.166455,2026-08-30 07:41:15.706319,0 days 00:00:35.539864,fixed,683.0,True,6,,https://churchofjesuschrist.org/,COMPLETE
222,0.9741856902837753,0.992449494949495,1.0,0.95,2026-08-30 07:41:15.716078,2026-08-30 07:41:51.643234,0 days 00:00:35.927156,fixed,694.0,True,6,,https://churchofjesuschrist.org/,COMPLETE
223,0.9038323760032654,0.6038091847584329,1.0,1.0,2026-08-30 07:41:51.654100,2026-08-30 07:42:39.604840,0 days 00:00:47.950740,fixed,680.0,True,6,,https://churchofjesuschrist.org/,COMPLETE
224,0.9495654851198196,0.7559997750787224,1.0,1.0,2026-08-30 07:42:39.619059,2026-08-30 07:43:18.386057,0 days 00:00:38.766998,fixed,691.0,True,6,,https://churchofjesuschrist.org/,COMPLETE
225,0.8662040829658508,0.6816080545010246,1.0,0.75,2026-08-30 07:43:18.398140,2026-08-30 07:43:59.085863,0 days 00:00:40.687723,fixed,656.0,True,6,,https://churchofjesuschrist.org/,COMPLETE
226,0.9115851521492004,0.901071047008547,1.0,1.0,2026-08-30 07:43:59.095817,2026-08-30 07:44:32.982898,0 days 00:00:33.887081,fixed,720.0,True,6,,https://churchofjesuschrist.org/,COMPLETE
227,0.7603564113378525,0.786531279178338,1.0,1.0,2026-08-30 07:44:32.998802,2026-08-30 07:45:10.259821,0 days 00:00:37.261019,fixed,668.0,True,6,,https://churchofjesuschrist.org/,COMPLETE
228,0.14934253692626953,1.0,0.0,1.0,2026-08-30 07:45:10.267956,2026-08-30 07:45:17.856753,0 days 00:00:07.588797,fixed,727.0,True,6,,https://buymeacoffee.com/,COMPLETE
229,0.14934253692626953,0.5,0.3333333333333333,1.0,2026-08-30 07:45:17.866884,2026-08-30 07:45:25.399308,0 days 00:00:07.532424,fixed,643.0,True,6,,https://buymeacoffee.com/,COMPLETE
230,0.14842534065246582,0.8333333333333333,0.3333333333333333,1.0,2026-08-30 07:45:25.409530,2026-08-30 07:45:32.395470,0 days 00:00:06.985940,fixed,710.0,True,6,,https://buymeacoffee.com/,COMPLETE
231,0.8529300093650818,1.0,0.3333333333333333,1.0,2026-08-30 07:45:32.407288,2026-08-30 07:45:39.495514,0 days 00:00:07.088226,fixed,748.0,True,6,,https://buymeacoffee.com/,COMPLETE
232,0.14934253692626953,1.0,0.3333333333333333,0.0,2026-08-30 07:45:39.506958,2026-08-30 07:45:47.471337,0 days 00:00:07.964379,fixed,588.0,True,6,,https://buymeacoffee.com/,COMPLETE
233,0.15293002128601074,1.0,0.5,0.0,2026-08-30 07:45:47.487233,2026-08-30 07:45:55.845626,0 days 00:00:08.358393,fixed,687.0,True,7,,https://buymeacoffee.com/,COMPLETE
234,0.14934253692626953,0.0,0.3333333333333333,1.0,2026-08-30 07:45:55.857022,2026-08-30 07:46:02.715357,0 days 00:00:06.858335,fixed,663.0,True,6,,https://buymeacoffee.com/,COMPLETE
235,0.9515383839607239,0.0,0.5,1.0,2026-08-30 07:46:02.726948,2026-08-30 07:46:09.951763,0 days 00:00:07.224815,fixed,617.0,True,6,,https://buymeacoffee.com/,COMPLETE
236,0.7165825963020325,1.0,0.3333333333333333,1.0,2026-08-30 07:46:09.962458,2026-08-30 07:46:18.485309,0 days 00:00:08.522851,fixed,700.0,True,6,,https://buymeacoffee.com/,COMPLETE
237,0.8484253287315369,0.0,0.3333333333333333,0.0,2026-08-30 07:46:18.496131,2026-08-30 07:46:25.290509,0 days 00:00:06.794378,fixed,100.0,True,7,,https://buymeacoffee.com/,COMPLETE
238,0.9722461700439453,1.0,0.3333333333333333,0.0,2026-08-30 07:46:25.301178,2026-08-30 07:46:32.572197,0 days 00:00:07.271019,fixed,311.0,True,6,,https://buymeacoffee.com/,COMPLETE
239,0.15105751156806946,0.8333333333333333,0.3333333333333333,1.0,2026-08-30 07:46:32.585944,2026-08-30 07:46:40.793784,0 days 00:00:08.207840,fixed,676.0,True,6,,https://buymeacoffee.com/,COMPLETE
240,0.9508365392684937,1.0,0.9375,0.9166666666666666,2026-08-30 07:46:40.806162,2026-08-30 07:47:22.555989,0 days 00:00:41.749827,fixed,658.0,True,6,,https://www.intercom.com/,COMPLETE
241,0.8496052324771881,1.0,0.9375,0.96875,2026-08-30 07:47:22.567267,2026-08-30 07:48:09.676058,0 days 00:00:47.108791,fixed,1006.0,True,9,,https://www.intercom.com/,COMPLETE
242,0.8822469562292099,1.0,0.9375,1.0,2026-08-30 07:48:09.688023,2026-08-30 07:48:49.062484,0 days 00:00:39.374461,fixed,653.0,True,9,,https://www.intercom.com/,COMPLETE
243,0.7068186104297638,1.0,0.9375,1.0,2026-08-30 07:48:49.077534,2026-08-30 07:49:24.394683,0 days 00:00:35.317149,fixed,678.0,True,6,,https://www.intercom.com/,COMPLETE
244,0.8602398186922073,0.9776785714285714,1.0,1.0,2026-08-30 07:49:24.403771,2026-08-30 07:50:10.667555,0 days 00:00:46.263784,fixed,632.0,True,6,,https://www.intercom.com/,COMPLETE
245,0.7771245390176773,1.0,0.9375,1.0,2026-08-30 07:50:10.678940,2026-08-30 07:50:51.268942,0 days 00:00:40.590002,fixed,1020.0,True,9,,https://www.intercom.com/,COMPLETE
246,0.9487472176551819,0.9952272727272727,0.9375,1.0,2026-08-30 07:50:51.280868,2026-08-30 07:51:29.482419,0 days 00:00:38.201551,fixed,713.0,True,6,,https://www.intercom.com/,COMPLETE
247,0.7822079956531525,0.9223519536019535,0.9375,1.0,2026-08-30 07:51:29.493623,2026-08-30 07:52:09.598310,0 days 00:00:40.104687,fixed,972.0,True,6,,https://www.intercom.com/,COMPLETE
248,0.7421862334012985,0.9729308390022675,0.9375,0.9791666666666666,2026-08-30 07:52:09.609540,2026-08-30 07:52:49.436424,0 days 00:00:39.826884,fixed,993.0,True,9,,https://www.intercom.com/,COMPLETE
249,0.8173616826534271,0.9673394660894661,0.9375,1.0,2026-08-30 07:52:49.450023,2026-08-30 07:53:28.816945,0 days 00:00:39.366922,fixed,708.0,True,6,,https://www.intercom.com/,COMPLETE
250,0.9135247617959976,0.9691932604432605,0.9375,0.9444444444444444,2026-08-30 07:53:28.834405,2026-08-30 07:54:05.360713,0 days 00:00:36.526308,fixed,458.0,True,9,,https://www.intercom.com/,COMPLETE
251,0.7411466985940933,0.8950892857142857,0.9375,0.7142857142857143,2026-08-30 07:54:05.380710,2026-08-30 07:54:46.882180,0 days 00:00:41.501470,fixed,255.0,True,6,,https://www.intercom.com/,COMPLETE
252,0.7575958520174026,1.0,0.75,0.75,2026-08-30 07:54:46.893145,2026-08-30 07:55:17.956123,0 days 00:00:31.062978,fixed,658.0,True,6,,https://ekatox.com/,COMPLETE
253,0.5801183581352234,1.0,0.75,0.75,2026-08-30 07:55:17.970420,2026-08-30 07:55:44.663711,0 days 00:00:26.693291,fixed,692.0,False,9,,https://ekatox.com/,COMPLETE
254,0.7688695453107357,0.9583333333333333,0.75,0.5,2026-08-30 07:55:44.674619,2026-08-30 07:56:11.115030,0 days 00:00:26.440411,fixed,407.0,True,6,,https://ekatox.com/,COMPLETE
255,0.5911400280892849,1.0,0.75,1.0,2026-08-30 07:56:11.128866,2026-08-30 07:56:44.659651,0 days 00:00:33.530785,fixed,733.0,True,9,,https://ekatox.com/,COMPLETE
256,0.5786528363823891,0.6666666666666666,0.75,0.5416666666666666,2026-08-30 07:56:44.668507,2026-08-30 07:57:13.877599,0 days 00:00:29.209092,fixed,308.0,True,6,,https://ekatox.com/,COMPLETE
257,0.569584347307682,0.9273809523809524,0.75,0.5833333333333334,2026-08-30 07:57:13.897881,2026-08-30 07:57:42.751250,0 days 00:00:28.853369,fixed,641.0,True,6,,https://ekatox.com/,COMPLETE
258,0.5616663303226233,0.75,1.0,0.875,2026-08-30 07:57:42.767676,2026-08-30 07:58:18.428048,0 days 00:00:35.660372,semantic,,True,9,0.4990108528965686,https://ekatox.com/,COMPLETE
259,0.41001683101058006,0.653075396825397,0.75,0.625,2026-08-30 07:58:18.439730,2026-08-30 07:58:50.151356,0 days 00:00:31.711626,fixed,672.0,False,6,,https://ekatox.com/,COMPLETE
260,0.5778251923620701,1.0,0.75,0.5416666666666666,2026-08-30 07:58:50.164335,2026-08-30 07:59:17.170168,0 days 00:00:27.005833,fixed,691.0,True,9,,https://ekatox.com/,COMPLETE
261,0.5896114446222782,0.8328363997113997,1.0,0.75,2026-08-30 07:59:17.181393,2026-08-30 07:59:45.176075,0 days 00:00:27.994682,fixed,609.0,True,6,,https://ekatox.com/,COMPLETE
262,0.5735213495790958,0.7859623015873016,1.0,1.0,2026-08-30 07:59:45.194782,2026-08-30 08:00:20.277726,0 days 00:00:35.082944,fixed,128.0,True,6,,https://ekatox.com/,COMPLETE
263,0.5781173147261143,0.8075892857142856,1.0,0.5,2026-08-30 08:00:20.287416,2026-08-30 08:00:54.363374,0 days 00:00:34.075958,semantic,,True,9,0.629402999208009,https://ekatox.com/,COMPLETE
264,0.8776035308837891,0.8190972222222221,0.8,0.875,2026-08-30 08:00:54.372733,2026-08-30 08:01:33.597031,0 days 00:00:39.224298,fixed,1001.0,False,6,,https://telegram.org/,COMPLETE
265,0.7685567103326321,0.925,0.7944444444444445,0.6666666666666666,2026-08-30 08:01:33.605601,2026-08-30 08:02:13.617680,0 days 00:00:40.012079,fixed,516.0,True,6,,https://telegram.org/,COMPLETE
266,0.9499234110116959,0.925,0.9,0.8333333333333334,2026-08-30 08:02:13.633412,2026-08-30 08:02:46.808723,0 days 00:00:33.175311,fixed,942.0,True,9,,https://telegram.org/,COMPLETE
267,0.9476367384195328,0.644047619047619,0.8222222222222222,0.875,2026-08-30 08:02:46.818871,2026-08-30 08:03:23.291128,0 days 00:00:36.472257,fixed,870.0,True,10,,https://telegram.org/,COMPLETE
268,0.5378974340856075,0.8541666666666666,0.15,0.6,2026-08-30 08:03:23.308464,2026-08-30 08:04:31.873048,0 days 00:01:08.564584,semantic,,True,2,0.7758362039608204,https://telegram.org/,COMPLETE
269,0.9370118826627731,0.7010416666666667,0.95,0.75,2026-08-30 08:04:31.884209,2026-08-30 08:05:09.082049,0 days 00:00:37.197840,fixed,983.0,True,6,,https://telegram.org/,COMPLETE
270,0.7687167786061764,0.7856547619047619,1.0,1.0,2026-08-30 08:05:09.091474,2026-08-30 08:05:42.984356,0 days 00:00:33.892882,fixed,489.0,False,6,,https://telegram.org/,COMPLETE
271,0.7187874428927898,0.5499594155844155,0.9,0.5,2026-08-30 08:05:42.992077,2026-08-30 08:06:16.701340,0 days 00:00:33.709263,fixed,1024.0,True,9,,https://telegram.org/,COMPLETE
272,0.938240572810173,0.9063416741988171,1.0,0.875,2026-08-30 08:06:16.718247,2026-08-30 08:06:49.639849,0 days 00:00:32.921602,fixed,721.0,True,7,,https://telegram.org/,COMPLETE
273,0.5785586833953857,0.8365079365079365,0.9,0.625,2026-08-30 08:06:49.651077,2026-08-30 08:07:21.869084,0 days 00:00:32.218007,fixed,961.0,True,6,,https://telegram.org/,COMPLETE
274,0.7712215781211853,0.6181134259259259,0.85,0.625,2026-08-30 08:07:21.882432,2026-08-30 08:08:08.621765,0 days 00:00:46.739333,semantic,,True,8,0.18816692099230892,https://telegram.org/,COMPLETE
275,0.773303646594286,0.9541666666666667,1.0,0.75,2026-08-30 08:08:08.632130,2026-08-30 08:08:42.117977,0 days 00:00:33.485847,fixed,328.0,False,6,,https://telegram.org/,COMPLETE
276,0.3620726577937603,0.8905133928571429,1.0,1.0,2026-08-30 08:08:42.128564,2026-08-30 08:09:12.929298,0 days 00:00:30.800734,fixed,777.0,True,9,,https://hosting.com/,COMPLETE
277,0.3604316674172878,0.9273809523809524,1.0,1.0,2026-08-30 08:09:12.949695,2026-08-30 08:09:39.001687,0 days 00:00:26.051992,fixed,656.0,True,5,,https://hosting.com/,COMPLETE
278,0.35888296738266945,0.8441857993197279,1.0,0.75,2026-08-30 08:09:39.011822,2026-08-30 08:10:15.751245,0 days 00:00:36.739423,fixed,850.0,True,6,,https://hosting.com/,COMPLETE
279,0.36723683029413223,0.7593253968253968,0.75,0.875,2026-08-30 08:10:15.769215,2026-08-30 08:10:50.908180,0 days 00:00:35.138965,fixed,674.0,True,9,,https://hosting.com/,COMPLETE
280,0.49408789724111557,0.9642857142857143,1.0,0.9166666666666666,2026-08-30 08:10:50.918352,2026-08-30 08:11:31.267707,0 days 00:00:40.349355,semantic,,True,6,0.33079416760222585,https://hosting.com/,COMPLETE
281,0.5326468534767628,0.7107142857142856,1.0,0.75,2026-08-30 08:11:31.277619,2026-08-30 08:12:01.273025,0 days 00:00:29.995406,fixed,547.0,False,7,,https://hosting.com/,COMPLETE
282,0.18165912479162216,0.6625,1.0,1.0,2026-08-30 08:12:01.295318,2026-08-30 08:12:30.311344,0 days 00:00:29.016026,fixed,742.0,True,3,,https://hosting.com/,COMPLETE
283,0.3751996234059334,0.6268518518518519,0.75,0.9375,2026-08-30 08:12:30.323418,2026-08-30 08:12:59.150008,0 days 00:00:28.826590,fixed,896.0,True,7,,https://hosting.com/,COMPLETE
284,0.5500334464013577,0.5736111111111111,1.0,0.75,2026-08-30 08:12:59.160135,2026-08-30 08:13:30.042837,0 days 00:00:30.882702,fixed,699.0,True,2,,https://hosting.com/,COMPLETE
285,0.3705960549414158,0.9607142857142857,0.75,0.75,2026-08-30 08:13:30.053357,2026-08-30 08:13:58.637184,0 days 00:00:28.583827,fixed,633.0,True,10,,https://hosting.com/,COMPLETE
286,0.3508513756096363,0.3893939393939394,0.375,0.75,2026-08-30 08:13:58.654827,2026-08-30 08:15:10.862917,0 days 00:01:12.208090,semantic,,True,5,0.8961212758582666,https://hosting.com/,COMPLETE
287,0.7250954061746597,0.8511904761904762,0.75,1.0,2026-08-30 08:15:10.872009,2026-08-30 08:15:45.902599,0 days 00:00:35.030590,fixed,1007.0,False,4,,https://hosting.com/,COMPLETE
288,0.8699410259723663,0.9375,1.0,0.75,2026-08-30 08:15:45.913170,2026-08-30 08:16:24.395634,0 days 00:00:38.482464,fixed,687.0,True,9,,https://www.overdrive.com/,COMPLETE
289,0.9207138270139694,0.9166666666666666,1.0,0.75,2026-08-30 08:16:24.408998,2026-08-30 08:16:53.355881,0 days 00:00:28.946883,fixed,994.0,True,6,,https://www.overdrive.com/,COMPLETE
290,0.8872984051704407,0.925,1.0,1.0,2026-08-30 08:16:53.366396,2026-08-30 08:17:21.604370,0 days 00:00:28.237974,fixed,721.0,True,6,,https://www.overdrive.com/,COMPLETE
291,0.8805393576622009,0.8051587301587302,1.0,1.0,2026-08-30 08:17:21.615006,2026-08-30 08:18:02.123062,0 days 00:00:40.508056,semantic,,True,6,0.5273789819103658,https://www.overdrive.com/,COMPLETE
292,0.9471847265958786,0.9583333333333334,1.0,1.0,2026-08-30 08:18:02.132675,2026-08-30 08:18:34.930354,0 days 00:00:32.797679,fixed,916.0,True,6,,https://www.overdrive.com/,COMPLETE
293,0.9507024586200714,1.0,0.75,0.75,2026-08-30 08:18:34.940449,2026-08-30 08:19:02.770790,0 days 00:00:27.830341,fixed,647.0,False,9,,https://www.overdrive.com/,COMPLETE
294,0.9578329026699066,0.7803968253968254,1.0,0.875,2026-08-30 08:19:02.791454,2026-08-30 08:19:30.746526,0 days 00:00:27.955072,fixed,961.0,True,5,,https://www.overdrive.com/,COMPLETE
295,0.922277420759201,0.6677489177489176,0.75,1.0,2026-08-30 08:19:30.757033,2026-08-30 08:20:05.521874,0 days 00:00:34.764841,fixed,153.0,True,4,,https://www.overdrive.com/,COMPLETE
296,0.9074599146842957,0.7769841269841269,1.0,1.0,2026-08-30 08:20:05.531221,2026-08-30 08:20:37.577013,0 days 00:00:32.045792,fixed,811.0,True,9,,https://www.overdrive.com/,COMPLETE
297,0.7079165130853653,0.6721606824548001,0.5,1.0,2026-08-30 08:20:37.592443,2026-08-30 08:21:32.217262,0 days 00:00:54.624819,semantic,,True,8,0.8536577753027692,https://www.overdrive.com/,COMPLETE
298,0.9814265817403793,0.925,1.0,1.0,2026-08-30 08:21:32.228905,2026-08-30 08:22:02.452375,0 days 00:00:30.223470,fixed,673.0,True,5,,https://www.overdrive.com/,COMPLETE
299,0.8787420094013214,0.971875,1.0,0.625,2026-08-30 08:22:02.469926,2026-08-30 08:22:28.981091,0 days 00:00:26.511165,fixed,981.0,False,3,,https://www.overdrive.com/,COMPLETE
300,0.8791318982839584,0.9513888888888888,1.0,1.0,2026-08-30 08:22:28.999306,2026-08-30 08:23:13.933975,0 days 00:00:44.934669,fixed,706.0,True,6,,https://wasabi.com/,COMPLETE
301,0.8479195982217789,0.9305555555555555,0.9375,0.75,2026-08-30 08:23:13.944679,2026-08-30 08:23:51.144145,0 days 00:00:37.199466,fixed,750.0,True,9,,https://wasabi.com/,COMPLETE
302,0.9246039539575577,0.9565972222222222,1.0,1.0,2026-08-30 08:23:51.158237,2026-08-30 08:24:25.830990,0 days 00:00:34.672753,fixed,938.0,True,6,,https://wasabi.com/,COMPLETE
303,0.81943279504776,0.8777267156862745,0.5208333333333334,0.9583333333333334,2026-08-30 08:24:25.843846,2026-08-30 08:25:51.191210,0 days 00:01:25.347364,semantic,,True,7,0.8065142787703146,https://wasabi.com/,COMPLETE
304,0.9222431778907776,0.9430555555555555,1.0,1.0,2026-08-30 08:25:51.203335,2026-08-30 08:26:33.300007,0 days 00:00:42.096672,fixed,385.0,False,6,,https://wasabi.com/,COMPLETE
305,0.7680997550487518,0.7399914965986395,0.9375,1.0,2026-08-30 08:26:33.310354,2026-08-30 08:27:22.533000,0 days 00:00:49.222646,fixed,86.0,True,6,,https://wasabi.com/,COMPLETE
306,0.8335324227809906,0.8663194444444444,1.0,0.9285714285714286,2026-08-30 08:27:22.544133,2026-08-30 08:28:06.755460,0 days 00:00:44.211327,fixed,665.0,True,9,,https://wasabi.com/,COMPLETE
307,0.9205879718065262,0.9196825396825397,1.0,0.9166666666666666,2026-08-30 08:28:06.765591,2026-08-30 08:28:42.795864,0 days 00:00:36.030273,fixed,597.0,True,4,,https://wasabi.com/,COMPLETE
308,0.9253759980201721,0.8462750484809308,1.0,1.0,2026-08-30 08:28:42.808663,2026-08-30 08:29:24.945007,0 days 00:00:42.136344,fixed,834.0,True,5,,https://wasabi.com/,COMPLETE
309,0.6691824048757553,0.7650669642857142,0.6875,1.0,2026-08-30 08:29:24.966248,2026-08-30 08:30:33.366951,0 days 00:01:08.400703,semantic,,True,6,0.6946650453889912,https://wasabi.com/,COMPLETE
310,0.9205511212348938,0.7475198412698413,1.0,1.0,2026-08-30 08:30:33.376517,2026-08-30 08:31:16.809118,0 days 00:00:43.432601,fixed,1021.0,False,10,,https://wasabi.com/,COMPLETE
311,0.9071885049343109,0.8944444444444444,1.0,1.0,2026-08-30 08:31:16.821094,2026-08-30 08:31:54.881983,0 days 00:00:38.060889,fixed,768.0,True,9,,https://wasabi.com/,COMPLETE
312,0.4386705718934536,0.8500573335394763,0.9375,0.65,2026-08-30 08:31:54.894069,2026-08-30 08:32:33.983230,0 days 00:00:39.089161,fixed,620.0,True,8,,https://itunes.com,COMPLETE
313,0.22987967729568481,0.8662252677877678,0.9375,1.0,2026-08-30 08:32:33.999258,2026-08-30 08:33:12.205042,0 days 00:00:38.205784,fixed,281.0,True,6,,https://itunes.com,COMPLETE
314,0.4669911600649357,1.0,0.875,0.9166666666666666,2026-08-30 08:33:12.215945,2026-08-30 08:33:48.421449,0 days 00:00:36.205504,fixed,691.0,True,5,,https://itunes.com,COMPLETE
315,0.530756700783968,1.0,0.875,0.7416666666666667,2026-08-30 08:33:48.437491,2026-08-30 08:34:37.866490,0 days 00:00:49.428999,semantic,,True,6,0.30578969584441074,https://itunes.com,COMPLETE
316,0.42984040454030037,0.8985119047619048,0.8125,0.625,2026-08-30 08:34:37.877631,2026-08-30 08:35:12.688940,0 days 00:00:34.811309,fixed,344.0,False,6,,https://itunes.com,COMPLETE
317,0.32837630063295364,0.8734906462585035,0.875,0.75,2026-08-30 08:35:12.699551,2026-08-30 08:35:57.539282,0 days 00:00:44.839731,fixed,196.0,True,9,,https://itunes.com,COMPLETE
318,0.5027282200753689,0.875297619047619,0.875,0.75,2026-08-30 08:35:57.549489,2026-08-30 08:36:32.382353,0 days 00:00:34.832864,fixed,576.0,True,3,,https://itunes.com,COMPLETE
319,0.49502161517739296,0.8726488788988789,0.875,0.9,2026-08-30 08:36:32.401055,2026-08-30 08:38:15.824311,0 days 00:01:43.423256,fixed,66.0,True,5,,https://itunes.com,COMPLETE
320,0.5253393538296223,0.7720858506572792,0.9375,1.0,2026-08-30 08:38:15.834576,2026-08-30 08:39:07.276911,0 days 00:00:51.442335,semantic,,True,4,0.3779952088064551,https://itunes.com,COMPLETE
321,0.7564047947525978,0.8314484126984126,1.0,0.775,2026-08-30 08:39:07.287393,2026-08-30 08:39:44.111095,0 days 00:00:36.823702,fixed,429.0,True,6,,https://itunes.com,COMPLETE
322,0.4335813522338867,1.0,0.875,0.875,2026-08-30 08:39:44.122551,2026-08-30 08:40:15.452385,0 days 00:00:31.329834,fixed,1000.0,False,9,,https://itunes.com,COMPLETE
323,0.5517322830855846,0.8292635109599394,1.0,0.9583333333333334,2026-08-30 08:40:15.463115,2026-08-30 08:40:54.656492,0 days 00:00:39.193377,fixed,640.0,True,6,,https://itunes.com,COMPLETE
324,0.7982905358076096,0.7989583333333334,1.0,0.75,2026-08-30 08:40:54.668186,2026-08-30 08:41:28.537384,0 days 00:00:33.869198,fixed,884.0,True,7,,https://www.dynu.com/,COMPLETE
325,0.9674557000398636,0.925,0.75,0.8333333333333333,2026-08-30 08:41:28.547798,2026-08-30 08:42:00.289605,0 days 00:00:31.741807,fixed,974.0,True,2,,https://www.dynu.com/,COMPLETE
326,0.5661885775625706,0.7106580919080918,0.75,0.75,2026-08-30 08:42:00.304513,2026-08-30 08:43:34.769404,0 days 00:01:34.464891,semantic,,True,9,0.6706367329466625,https://www.dynu.com/,COMPLETE
327,0.7604046650230885,0.9375,0.75,0.9166666666666666,2026-08-30 08:43:34.783760,2026-08-30 08:44:05.990211,0 days 00:00:31.206451,fixed,721.0,True,5,,https://www.dynu.com/,COMPLETE
328,0.7604964226484299,0.848445337731052,0.75,0.75,2026-08-30 08:44:06.001853,2026-08-30 08:44:42.798740,0 days 00:00:36.796887,fixed,796.0,False,6,,https://www.dynu.com/,COMPLETE
329,0.6874963939189911,0.8026785714285714,0.75,0.5,2026-08-30 08:44:42.807910,2026-08-30 08:45:20.672996,0 days 00:00:37.865086,fixed,661.0,True,10,,https://www.dynu.com/,COMPLETE
330,0.961754322052002,0.924810606060606,0.75,0.75,2026-08-30 08:45:20.685871,2026-08-30 08:45:52.431694,0 days 00:00:31.745823,fixed,949.0,True,6,,https://www.dynu.com/,COMPLETE
331,0.7000399567186832,0.9527777777777777,1.0,0.5,2026-08-30 08:45:52.441883,2026-08-30 08:46:25.605202,0 days 00:00:33.163319,fixed,678.0,True,6,,https://www.dynu.com/,COMPLETE
332,0.9612805992364883,0.7562868844118844,1.0,0.75,2026-08-30 08:46:25.616480,2026-08-30 08:47:07.659315,0 days 00:00:42.042835,semantic,,True,4,0.12812370064527312,https://www.dynu.com/,COMPLETE
333,0.9718144685029984,0.8638888888888889,1.0,1.0,2026-08-30 08:47:07.672534,2026-08-30 08:47:38.304017,0 days 00:00:30.631483,fixed,238.0,False,9,,https://www.dynu.com/,COMPLETE
334,0.9644822776317596,0.925,1.0,0.75,2026-08-30 08:47:38.320549,2026-08-30 08:48:10.090200,0 days 00:00:31.769651,fixed,701.0,True,6,,https://www.dynu.com/,COMPLETE
335,0.9662323892116547,0.9205555555555556,1.0,0.75,2026-08-30 08:48:10.101652,2026-08-30 08:48:40.923633,0 days 00:00:30.821981,fixed,1024.0,True,9,,https://www.dynu.com/,COMPLETE
336,0.6985399499535561,0.8013888888888889,1.0,0.875,2026-08-30 08:48:40.939195,2026-08-30 08:49:13.123552,0 days 00:00:32.184357,fixed,990.0,True,7,,https://www.abcp.ru/,COMPLETE
337,0.7622811868786812,0.6847839344998435,1.0,1.0,2026-08-30 08:49:13.135846,2026-08-30 08:49:46.242445,0 days 00:00:33.106599,fixed,860.0,True,5,,https://www.abcp.ru/,COMPLETE
338,0.6442677639424801,0.7569444444444445,1.0,0.875,2026-08-30 08:49:46.253973,2026-08-30 08:50:27.862353,0 days 00:00:41.608380,semantic,,True,8,0.17302309252628462,https://www.abcp.ru/,COMPLETE
339,0.7488530538976192,0.8625,0.75,1.0,2026-08-30 08:50:27.874191,2026-08-30 08:50:58.463257,0 days 00:00:30.589066,fixed,736.0,False,6,,https://www.abcp.ru/,COMPLETE
340,0.6990019977092743,0.6630952380952381,1.0,0.75,2026-08-30 08:50:58.487450,2026-08-30 08:51:32.197182,0 days 00:00:33.709732,fixed,651.0,True,4,,https://www.abcp.ru/,COMPLETE
341,0.6960379406809807,0.8348214285714285,1.0,0.8333333333333333,2026-08-30 08:51:32.207304,2026-08-30 08:52:07.469640,0 days 00:00:35.262336,fixed,908.0,True,6,,https://www.abcp.ru/,COMPLETE
342,0.7902571633458138,0.785436507936508,1.0,0.9375,2026-08-30 08:52:07.488609,2026-08-30 08:52:42.527605,0 days 00:00:35.038996,fixed,682.0,True,9,,https://www.abcp.ru/,COMPLETE
343,0.39610959962010384,0.6548239087301586,1.0,0.9166666666666666,2026-08-30 08:52:42.539775,2026-08-30 08:53:16.893089,0 days 00:00:34.353314,fixed,969.0,True,3,,https://www.abcp.ru/,COMPLETE
344,0.7533945254981518,0.8611111111111112,1.0,0.625,2026-08-30 08:53:16.903398,2026-08-30 08:53:59.282126,0 days 00:00:42.378728,semantic,,True,5,0.42617257232628764,https://www.abcp.ru/,COMPLETE
345,0.7580431625247002,0.7194444444444444,1.0,1.0,2026-08-30 08:53:59.291335,2026-08-30 08:54:29.352828,0 days 00:00:30.061493,fixed,712.0,False,6,,https://www.abcp.ru/,COMPLETE
346,0.904120147228241,0.6801587301587302,1.0,0.75,2026-08-30 08:54:29.363993,2026-08-30 08:55:00.762326,0 days 00:00:31.398333,fixed,465.0,True,9,,https://www.abcp.ru/,COMPLETE
347,0.7544809691607952,0.7888888888888889,1.0,1.0,2026-08-30 08:55:00.772829,2026-08-30 08:55:41.974448,0 days 00:00:41.201619,fixed,925.0,True,8,,https://www.abcp.ru/,COMPLETE
348,0.9495436549186707,1.0,0.8,1.0,2026-08-30 08:55:41.987036,2026-08-30 08:55:55.714712,0 days 00:00:13.727676,fixed,627.0,True,6,,https://www.univie.ac.at/,COMPLETE
349,0.8575586080551147,0.6666666666666666,0.6,1.0,2026-08-30 08:55:55.724337,2026-08-30 08:56:39.534958,0 days 00:00:43.810621,semantic,,True,7,0.5932738193787646,https://www.univie.ac.at/,COMPLETE
350,0.880847156047821,1.0,1.0,1.0,2026-08-30 08:56:39.545683,2026-08-30 08:56:52.610406,0 days 00:00:13.064723,fixed,817.0,True,6,,https://www.univie.ac.at/,COMPLETE
351,0.8488739728927612,0.869047619047619,0.8,1.0,2026-08-30 08:56:52.622689,2026-08-30 08:57:05.133284,0 days 00:00:12.510595,fixed,784.0,True,5,,https://www.univie.ac.at/,COMPLETE
352,0.7167313098907471,1.0,0.8,1.0,2026-08-30 08:57:05.150795,2026-08-30 08:57:17.185773,0 days 00:00:12.034978,fixed,752.0,True,9,,https://www.univie.ac.at/,COMPLETE
353,0.8518253564834595,0.8333333333333333,0.8,1.0,2026-08-30 08:57:17.198752,2026-08-30 08:57:27.449032,0 days 00:00:10.250280,fixed,711.0,True,6,,https://www.univie.ac.at/,COMPLETE
354,0.8737876415252686,1.0,1.0,1.0,2026-08-30 08:57:27.468590,2026-08-30 08:57:39.254916,0 days 00:00:11.786326,fixed,1004.0,False,3,,https://www.univie.ac.at/,COMPLETE
355,0.9564886093139648,0.7678571428571428,1.0,1.0,2026-08-30 08:57:39.268534,2026-08-30 08:58:10.182636,0 days 00:00:30.914102,semantic,,True,6,0.5344756036992313,https://www.univie.ac.at/,COMPLETE
356,0.950223445892334,1.0,0.8,1.0,2026-08-30 08:58:10.196336,2026-08-30 08:58:21.096212,0 days 00:00:10.899876,fixed,838.0,True,9,,https://www.univie.ac.at/,COMPLETE
357,0.9644556641578674,0.7120332883490778,0.8,1.0,2026-08-30 08:58:21.107824,2026-08-30 08:58:33.187163,0 days 00:00:12.079339,fixed,694.0,True,10,,https://www.univie.ac.at/,COMPLETE
358,0.9530322551727295,0.8055555555555555,0.8,1.0,2026-08-30 08:58:33.198281,2026-08-30 08:58:43.755344,0 days 00:00:10.557063,fixed,888.0,True,6,,https://www.univie.ac.at/,COMPLETE
359,0.9583661556243896,0.9428571428571428,1.0,1.0,2026-08-30 08:58:43.767979,2026-08-30 08:58:54.004211,0 days 00:00:10.236232,fixed,665.0,False,2,,https://www.univie.ac.at/,COMPLETE
360,0.6156646013259888,1.0,1.0,0.75,2026-08-30 18:31:33.183670,2026-08-30 18:32:15.518871,0 days 00:00:42.335201,fixed,684.0,True,6,,https://www.dingtalk.com/,COMPLETE
361,0.5416653864085674,0.763935486235578,0.4583333333333333,0.5178571428571428,2026-08-30 18:32:15.537263,2026-08-30 18:33:35.962386,0 days 00:01:20.425123,semantic,,True,9,0.7452626520900973,https://www.dingtalk.com/,COMPLETE
362,0.5440591499209404,0.925,1.0,1.0,2026-08-30 18:33:35.973362,2026-08-30 18:34:10.570144,0 days 00:00:34.596782,fixed,729.0,True,6,,https://www.dingtalk.com/,COMPLETE
363,0.7713606581091881,0.8888888888888888,1.0,1.0,2026-08-30 18:34:10.581901,2026-08-30 18:34:44.522495,0 days 00:00:33.940594,fixed,987.0,True,5,,https://www.dingtalk.com/,COMPLETE
364,0.6059382744133472,0.971875,1.0,1.0,2026-08-30 18:34:44.531488,2026-08-30 18:35:23.756594,0 days 00:00:39.225106,fixed,1007.0,True,5,,https://www.dingtalk.com/,COMPLETE
365,0.8564971536397934,0.8763888888888889,0.6666666666666666,0.75,2026-08-30 18:35:23.767517,2026-08-30 18:36:00.038891,0 days 00:00:36.271374,fixed,944.0,False,6,,https://www.dingtalk.com/,COMPLETE
366,0.8902592808008194,0.678689713064713,1.0,1.0,2026-08-30 18:36:00.060937,2026-08-30 18:36:53.497374,0 days 00:00:53.436437,semantic,,True,9,0.4986145254253603,https://www.dingtalk.com/,COMPLETE
367,0.7757849469780922,0.8331845238095238,1.0,0.8125,2026-08-30 18:36:53.510826,2026-08-30 18:37:28.435042,0 days 00:00:34.924216,fixed,965.0,True,6,,https://www.dingtalk.com/,COMPLETE
368,0.7371167838573456,0.8005102040816326,1.0,1.0,2026-08-30 18:37:28.451233,2026-08-30 18:38:06.838060,0 days 00:00:38.386827,fixed,361.0,True,4,,https://www.dingtalk.com/,COMPLETE
369,0.9182298928499222,0.8586309523809523,0.75,0.875,2026-08-30 18:38:06.856710,2026-08-30 18:38:41.077841,0 days 00:00:34.221131,fixed,765.0,True,6,,https://www.dingtalk.com/,COMPLETE
370,0.8596665561199188,0.880406746031746,0.75,0.875,2026-08-30 18:38:41.088614,2026-08-30 18:39:15.492561,0 days 00:00:34.403947,fixed,710.0,True,7,,https://www.dingtalk.com/,COMPLETE
371,0.5980339534580708,0.9583333333333334,1.0,0.75,2026-08-30 18:39:15.509674,2026-08-30 18:39:48.140138,0 days 00:00:32.630464,fixed,646.0,False,9,,https://www.dingtalk.com/,COMPLETE
372,0.942224457859993,1.0,1.0,1.0,2026-08-30 18:39:48.161196,2026-08-30 18:40:20.106860,0 days 00:00:31.945664,semantic,,True,4,0.21016781214255226,https://onenote.com,COMPLETE
373,0.7669246233999729,1.0,1.0,0.75,2026-08-30 18:40:20.122996,2026-08-30 18:40:46.846297,0 days 00:00:26.723301,semantic,,False,8,0.2150400709480636,https://onenote.com,COMPLETE
374,0.4163986146450043,1.0,1.0,0.875,2026-08-30 18:40:46.857802,2026-08-30 18:41:18.482302,0 days 00:00:31.624500,fixed,607.0,True,8,,https://onenote.com,COMPLETE
375,0.9416938275098801,0.8149305555555556,1.0,0.75,2026-08-30 18:41:18.494654,2026-08-30 18:41:54.923517,0 days 00:00:36.428863,semantic,,True,10,0.6358167388664823,https://onenote.com,COMPLETE
376,0.7631885334849358,1.0,1.0,1.0,2026-08-30 18:41:54.934893,2026-08-30 18:42:30.237700,0 days 00:00:35.302807,fixed,551.0,True,10,,https://onenote.com,COMPLETE
377,0.7629878595471382,1.0,1.0,0.75,2026-08-30 18:42:30.250320,2026-08-30 18:43:01.675805,0 days 00:00:31.425485,fixed,978.0,True,6,,https://onenote.com,COMPLETE
378,0.7678169086575508,0.75,1.0,0.875,2026-08-30 18:43:01.687839,2026-08-30 18:43:32.220803,0 days 00:00:30.532964,fixed,654.0,True,7,,https://onenote.com,COMPLETE
379,0.7717707343399525,1.0,1.0,0.75,2026-08-30 18:43:32.232700,2026-08-30 18:44:00.809579,0 days 00:00:28.576879,fixed,150.0,False,8,,https://onenote.com,COMPLETE
380,0.7683979608118534,0.6867311507936508,1.0,0.75,2026-08-30 18:44:00.825156,2026-08-30 18:44:32.989606,0 days 00:00:32.164450,semantic,,True,2,0.8036006367104558,https://onenote.com,COMPLETE
381,0.7816850729286671,1.0,1.0,0.625,2026-08-30 18:44:32.999356,2026-08-30 18:45:08.697366,0 days 00:00:35.698010,fixed,671.0,True,6,,https://onenote.com,COMPLETE
382,0.766716230660677,1.0,1.0,0.5,2026-08-30 18:45:08.707763,2026-08-30 18:45:49.397624,0 days 00:00:40.689861,fixed,503.0,True,6,,https://onenote.com,COMPLETE
383,0.945606529712677,1.0,1.0,0.75,2026-08-30 18:45:49.413382,2026-08-30 18:46:28.960057,0 days 00:00:39.546675,fixed,1022.0,True,10,,https://onenote.com,COMPLETE
384,0.7647615447640419,0.75,0.75,0.5,2026-08-30 18:46:28.973782,2026-08-30 18:47:01.195306,0 days 00:00:32.221524,fixed,635.0,True,6,,https://cxense.com,COMPLETE
385,0.2983204945921898,0.6875,0.75,0.75,2026-08-30 18:47:01.211389,2026-08-30 18:47:36.024349,0 days 00:00:34.812960,fixed,999.0,False,6,,https://cxense.com,COMPLETE
386,0.572981558740139,0.37916666666666665,0.75,1.0,2026-08-30 18:47:36.047302,2026-08-30 18:48:08.639873,0 days 00:00:32.592571,semantic,,True,4,0.7089586567887851,https://cxense.com,COMPLETE
387,0.2156231850385666,0.75,0.75,0.875,2026-08-30 18:48:08.653908,2026-08-30 18:48:41.137420,0 days 00:00:32.483512,fixed,529.0,True,9,,https://cxense.com,COMPLETE
388,0.7660887390375137,0.75,0.75,0.75,2026-08-30 18:48:41.154846,2026-08-30 18:49:13.403662,0 days 00:00:32.248816,fixed,959.0,True,6,,https://cxense.com,COMPLETE
389,0.7570882141590118,0.7010416666666667,0.75,0.5,2026-08-30 18:49:13.417954,2026-08-30 18:49:44.677357,0 days 00:00:31.259403,fixed,692.0,True,7,,https://cxense.com,COMPLETE
390,0.714974906295538,0.75,0.75,0.9166666666666666,2026-08-30 18:49:44.703536,2026-08-30 18:50:18.763324,0 days 00:00:34.059788,fixed,212.0,True,6,,https://cxense.com,COMPLETE
391,0.39479679986834526,0.6190476190476191,0.75,0.5,2026-08-30 18:50:18.773546,2026-08-30 18:50:49.727579,0 days 00:00:30.954033,fixed,179.0,False,3,,https://cxense.com,COMPLETE
392,0.7665333598852158,0.75,0.75,0.5,2026-08-30 18:50:49.742534,2026-08-30 18:51:19.260862,0 days 00:00:29.518328,semantic,,True,5,0.47441228791844653,https://cxense.com,COMPLETE
393,0.7605782486498356,0.75,0.75,0.75,2026-08-30 18:51:19.268340,2026-08-30 18:51:52.967656,0 days 00:00:33.699316,fixed,117.0,True,5,,https://cxense.com,COMPLETE
394,0.5909148491919041,0.7083333333333333,0.75,0.625,2026-08-30 18:51:52.977580,2026-08-30 18:52:23.946023,0 days 00:00:30.968443,fixed,927.0,True,9,,https://cxense.com,COMPLETE
395,0.3951122611761093,0.75,0.75,0.5,2026-08-30 18:52:23.967195,2026-08-30 18:52:55.552978,0 days 00:00:31.585783,fixed,738.0,True,6,,https://cxense.com,COMPLETE
396,0.9697235226631165,0.8625,1.0,0.375,2026-08-30 18:52:55.563796,2026-08-30 18:53:32.911196,0 days 00:00:37.347400,fixed,585.0,False,9,,https://adsbynimbus.com,COMPLETE
397,0.9676311612129211,0.839375,1.0,0.625,2026-08-30 18:53:32.917254,2026-08-30 18:54:08.021849,0 days 00:00:35.104595,fixed,621.0,True,4,,https://adsbynimbus.com,COMPLETE
398,0.9321459978818893,0.7131421356421357,0.6666666666666666,0.75,2026-08-30 18:54:08.031940,2026-08-30 18:55:13.227662,0 days 00:01:05.195722,semantic,,True,6,0.8667664121116236,https://adsbynimbus.com,COMPLETE
399,0.9714430123567581,0.7803819444444444,1.0,1.0,2026-08-30 18:55:13.242777,2026-08-30 18:55:51.971728,0 days 00:00:38.728951,fixed,664.0,True,10,,https://adsbynimbus.com,COMPLETE
400,0.9210117757320404,0.7045173783451002,1.0,1.0,2026-08-30 18:55:51.982065,2026-08-30 18:56:33.140381,0 days 00:00:41.158316,fixed,293.0,True,7,,https://adsbynimbus.com,COMPLETE
401,0.9653361737728119,0.8051587301587301,1.0,1.0,2026-08-30 18:56:33.151005,2026-08-30 18:57:07.344516,0 days 00:00:34.193511,fixed,977.0,True,6,,https://adsbynimbus.com,COMPLETE
402,0.9757164269685745,0.925,1.0,0.75,2026-08-30 18:57:07.355311,2026-08-30 18:57:42.326887,0 days 00:00:34.971576,fixed,679.0,False,8,,https://adsbynimbus.com,COMPLETE
403,0.9703880995512009,0.8200793650793652,1.0,1.0,2026-08-30 18:57:42.336359,2026-08-30 18:58:28.911994,0 days 00:00:46.575635,semantic,,True,6,0.26562102057897174,https://adsbynimbus.com,COMPLETE
404,0.9747404456138611,0.7146494708994708,1.0,0.75,2026-08-30 18:58:28.924370,2026-08-30 18:59:04.886077,0 days 00:00:35.961707,fixed,698.0,True,5,,https://adsbynimbus.com,COMPLETE
405,0.9409596174955368,0.7513888888888889,1.0,1.0,2026-08-30 18:59:04.895588,2026-08-30 18:59:40.161965,0 days 00:00:35.266377,fixed,412.0,True,6,,https://adsbynimbus.com,COMPLETE
406,0.9356620907783508,0.8981043198529411,1.0,1.0,2026-08-30 18:59:40.172079,2026-08-30 19:00:17.775332,0 days 00:00:37.603253,fixed,801.0,True,9,,https://adsbynimbus.com,COMPLETE
407,0.9453882426023483,0.8058597652347652,1.0,1.0,2026-08-30 19:00:17.793899,2026-08-30 19:00:58.767516,0 days 00:00:40.973617,fixed,994.0,True,5,,https://adsbynimbus.com,COMPLETE
408,0.849352240562439,0.7492063492063492,1.0,1.0,2026-08-30 19:00:58.781357,2026-08-30 19:01:35.807328,0 days 00:00:37.025971,fixed,717.0,False,9,,https://www.paris.fr/lieux/paris-en-seine-baignade-grenelle-20613,COMPLETE
409,0.8882373869419098,0.8833333333333333,1.0,0.875,2026-08-30 19:01:35.820611,2026-08-30 19:02:35.978693,0 days 00:01:00.158082,semantic,,True,6,0.388777708719297,https://www.paris.fr/lieux/paris-en-seine-baignade-grenelle-20613,COMPLETE
410,0.9592001587152481,0.7883531746031746,1.0,0.875,2026-08-30 19:02:35.989118,2026-08-30 19:03:15.623350,0 days 00:00:39.634232,fixed,445.0,True,4,,https://www.paris.fr/lieux/paris-en-seine-baignade-grenelle-20613,COMPLETE
411,0.6691863164305687,0.7979166666666666,1.0,0.7045454545454546,2026-08-30 19:03:15.633295,2026-08-30 19:03:59.620832,0 days 00:00:43.987537,fixed,643.0,True,2,,https://www.paris.fr/lieux/paris-en-seine-baignade-grenelle-20613,COMPLETE
412,0.7715110890567303,0.7759768009768009,1.0,1.0,2026-08-30 19:03:59.632127,2026-08-30 19:04:42.729232,0 days 00:00:43.097105,fixed,950.0,True,6,,https://www.paris.fr/lieux/paris-en-seine-baignade-grenelle-20613,COMPLETE
413,0.7139980755746365,0.8737244897959183,1.0,0.9,2026-08-30 19:04:42.739499,2026-08-30 19:05:28.205291,0 days 00:00:45.465792,fixed,904.0,False,6,,https://www.paris.fr/lieux/paris-en-seine-baignade-grenelle-20613,COMPLETE
414,0.9577741771936417,0.8693181818181819,1.0,0.8333333333333334,2026-08-30 19:05:28.227957,2026-08-30 19:06:35.667291,0 days 00:01:07.439334,semantic,,True,9,0.3531005976121856,https://www.paris.fr/lieux/paris-en-seine-baignade-grenelle-20613,COMPLETE
415,0.8721387386322021,0.7265046296296296,1.0,0.75,2026-08-30 19:06:35.685451,2026-08-30 19:07:14.925304,0 days 00:00:39.239853,fixed,1009.0,True,4,,https://www.paris.fr/lieux/paris-en-seine-baignade-grenelle-20613,COMPLETE
416,0.8741106986999512,0.7753968253968253,0.625,1.0,2026-08-30 19:07:14.937379,2026-08-30 19:08:09.021661,0 days 00:00:54.084282,fixed,262.0,True,7,,https://www.paris.fr/lieux/paris-en-seine-baignade-grenelle-20613,COMPLETE
417,0.9167192280292511,0.7700382465926842,1.0,0.875,2026-08-30 19:08:09.035354,2026-08-30 19:08:57.203656,0 days 00:00:48.168302,fixed,751.0,True,3,,https://www.paris.fr/lieux/paris-en-seine-baignade-grenelle-20613,COMPLETE
418,0.8466440737247467,0.868452380952381,1.0,1.0,2026-08-30 19:08:57.215587,2026-08-30 19:09:38.877531,0 days 00:00:41.661944,fixed,675.0,True,6,,https://www.paris.fr/lieux/paris-en-seine-baignade-grenelle-20613,COMPLETE
419,0.6716938093304634,0.9892857142857143,0.875,0.75,2026-08-30 19:09:38.890648,2026-08-30 19:10:18.398696,0 days 00:00:39.508048,fixed,1024.0,False,9,,https://www.paris.fr/lieux/paris-en-seine-baignade-grenelle-20613,COMPLETE
420,0.9479091912508011,0.649940164002664,0.9,0.875,2026-08-30 19:10:18.414960,2026-08-30 19:21:36.695641,0 days 00:11:18.280681,semantic,,True,10,0.5761446731566335,https://www.revolut.com/,COMPLETE
421,0.9254752546548843,0.841898148148148,1.0,1.0,2026-08-30 19:21:36.706246,2026-08-30 19:22:19.393658,0 days 00:00:42.687412,fixed,856.0,True,6,,https://www.revolut.com/,COMPLETE
422,0.8500379920005798,0.90625,1.0,1.0,2026-08-30 19:22:19.403577,2026-08-30 19:22:56.122782,0 days 00:00:36.719205,fixed,983.0,True,5,,https://www.revolut.com/,COMPLETE
423,0.8958700448274612,0.6378968253968254,1.0,1.0,2026-08-30 19:22:56.131039,2026-08-30 19:23:43.419698,0 days 00:00:47.288659,fixed,703.0,True,8,,https://www.revolut.com/,COMPLETE
424,0.8397465348243713,0.855,1.0,0.8,2026-08-30 19:23:43.432969,2026-08-30 19:24:24.832500,0 days 00:00:41.399531,fixed,651.0,False,9,,https://www.revolut.com/,COMPLETE
425,0.8852724879980087,0.6970238095238095,1.0,1.0,2026-08-30 19:24:24.858840,2026-08-30 19:25:10.269608,0 days 00:00:45.410768,fixed,875.0,True,5,,https://www.revolut.com/,COMPLETE
426,0.9764402359724045,1.0,1.0,1.0,2026-08-30 19:25:10.280954,2026-08-30 19:26:14.545849,0 days 00:01:04.264895,semantic,,True,6,0.43140351577752145,https://www.revolut.com/,COMPLETE
427,0.9350121468305588,0.9267307692307692,1.0,1.0,2026-08-30 19:26:14.566876,2026-08-30 19:27:28.510382,0 days 00:01:13.943506,semantic,,True,7,0.44312961363547854,https://www.revolut.com/,COMPLETE
428,0.9271861463785172,0.6987581862581862,0.95,0.9,2026-08-30 19:27:28.521400,2026-08-30 19:28:38.436735,0 days 00:01:09.915335,semantic,,True,7,0.5457634033215191,https://www.revolut.com/,COMPLETE
429,0.807751476764679,0.8949652777777778,1.0,0.875,2026-08-30 19:28:38.448941,2026-08-30 19:30:07.991969,0 days 00:01:29.543028,semantic,,True,7,0.3671889846876234,https://www.revolut.com/,COMPLETE
430,0.9651097655296326,0.8541666666666666,1.0,1.0,2026-08-30 19:30:08.003300,2026-08-30 19:31:13.108085,0 days 00:01:05.104785,semantic,,False,8,0.4869096384491403,https://www.revolut.com/,COMPLETE
431,0.897700846195221,0.7136244550996389,1.0,0.875,2026-08-30 19:31:13.124662,2026-08-30 19:32:35.299732,0 days 00:01:22.175070,semantic,,True,8,0.6176698309869249,https://www.revolut.com/,COMPLETE
432,0.9331255257129669,0.7982638888888889,1.0,1.0,2026-08-30 19:32:35.317344,2026-08-30 19:33:31.950152,0 days 00:00:56.632808,semantic,,True,7,0.31821717718833953,https://rylkngdm.com,COMPLETE
433,0.7230314016342163,0.7621031746031747,0.75,0.9166666666666666,2026-08-30 19:33:31.961223,2026-08-30 19:34:57.668219,0 days 00:01:25.706996,semantic,,True,7,0.6564231446532335,https://rylkngdm.com,COMPLETE
434,0.7642356306314468,0.8902777777777777,0.7083333333333334,1.0,2026-08-30 19:34:57.681972,2026-08-30 19:35:46.147863,0 days 00:00:48.465891,semantic,,True,8,0.14468582033183108,https://rylkngdm.com,COMPLETE
435,0.5690753012895584,0.382449494949495,0.7083333333333334,0.8333333333333333,2026-08-30 19:35:46.159039,2026-08-30 19:37:01.714644,0 days 00:01:15.555605,semantic,,True,7,0.5873045750730139,https://rylkngdm.com,COMPLETE
436,0.7804313227534294,0.8916666666666666,0.9583333333333334,0.75,2026-08-30 19:37:01.726460,2026-08-30 19:37:57.161720,0 days 00:00:55.435260,semantic,,False,8,0.285820944145673,https://rylkngdm.com,COMPLETE
437,0.7751418091356754,0.7207828282828284,1.0,0.7083333333333333,2026-08-30 19:37:57.178328,2026-08-30 19:38:52.122059,0 days 00:00:54.943731,semantic,,True,2,0.39943802949380536,https://rylkngdm.com,COMPLETE
438,0.7713987194001675,0.8444444444444444,1.0,0.5833333333333333,2026-08-30 19:38:52.131814,2026-08-30 19:39:43.086403,0 days 00:00:50.954589,semantic,,True,3,0.23326527393434315,https://rylkngdm.com,COMPLETE
439,0.7268694229424,0.7687987012987013,0.75,0.6666666666666666,2026-08-30 19:39:43.101646,2026-08-30 19:40:39.023734,0 days 00:00:55.922088,semantic,,True,2,0.43696598034082695,https://rylkngdm.com,COMPLETE
440,0.657520666718483,0.5829365079365079,0.75,1.0,2026-08-30 19:40:39.032976,2026-08-30 19:41:44.278437,0 days 00:01:05.245461,semantic,,True,6,0.5140889804236118,https://rylkngdm.com,COMPLETE
441,0.7756258696317673,0.7749149659863945,1.0,1.0,2026-08-30 19:41:44.298995,2026-08-30 19:42:39.261230,0 days 00:00:54.962235,semantic,,True,6,0.29672479769722404,https://rylkngdm.com,COMPLETE
442,0.7676723748445511,0.8972222222222221,0.9583333333333334,0.75,2026-08-30 19:42:39.265592,2026-08-30 19:43:36.765743,0 days 00:00:57.500151,semantic,,False,7,0.1888303107249396,https://rylkngdm.com,COMPLETE
443,0.7556470818817616,0.8143696581196581,1.0,0.7083333333333333,2026-08-30 19:43:37.479673,2026-08-30 19:44:37.444631,0 days 00:00:59.964958,semantic,,True,6,0.45612846121505374,https://rylkngdm.com,COMPLETE
444,0.9198596179485321,0.7972222222222223,1.0,1.0,2026-08-30 19:44:37.455962,2026-08-30 19:47:22.974696,0 days 00:02:45.518734,semantic,,True,6,0.3404018127465078,https://housing.ucr.edu/about-us/resident-services-office#glen-mor,COMPLETE
445,0.9518965482711792,0.9583333333333334,0.8392857142857143,1.0,2026-08-30 19:47:22.991254,2026-08-30 19:50:07.305487,0 days 00:02:44.314233,semantic,,True,3,0.26413091978278935,https://housing.ucr.edu/about-us/resident-services-office#glen-mor,COMPLETE
446,0.9104546904563904,0.9058333333333333,1.0,1.0,2026-08-30 19:50:07.316462,2026-08-30 19:52:52.068709,0 days 00:02:44.752247,semantic,,True,6,0.464211200132992,https://housing.ucr.edu/about-us/resident-services-office#glen-mor,COMPLETE
447,0.8649652749300003,0.8125130534670009,0.875,1.0,2026-08-30 19:52:52.089740,2026-08-30 19:56:06.494012,0 days 00:03:14.404272,semantic,,False,9,0.11282683513379499,https://housing.ucr.edu/about-us/resident-services-office#glen-mor,COMPLETE
448,0.6473302468657494,0.3482481060606061,0.125,0.95,2026-08-30 19:56:06.506724,2026-08-30 20:00:30.885132,0 days 00:04:24.378408,semantic,,True,6,0.7291926263840686,https://housing.ucr.edu/about-us/resident-services-office#glen-mor,COMPLETE
449,0.5295663066208363,0.6527777777777778,0.1607142857142857,0.75,2026-08-30 20:00:30.896914,2026-08-30 20:04:43.805763,0 days 00:04:12.908849,semantic,,True,6,0.6889642145320384,https://housing.ucr.edu/about-us/resident-services-office#glen-mor,COMPLETE
450,0.9281806945800781,0.7945526695526696,1.0,1.0,2026-08-30 20:04:43.828156,2026-08-30 20:08:45.804340,0 days 00:04:01.976184,semantic,,True,6,0.41395576564129855,https://housing.ucr.edu/about-us/resident-services-office#glen-mor,COMPLETE
451,0.49364783614873886,0.4006547991185596,0.1607142857142857,1.0,2026-08-30 20:08:45.813888,2026-08-30 20:13:48.590411,0 days 00:05:02.776523,semantic,,True,9,0.7619429415369018,https://housing.ucr.edu/about-us/resident-services-office#glen-mor,COMPLETE
452,0.8110064193606377,0.608094070961718,0.8392857142857143,0.9375,2026-08-30 20:13:48.600647,2026-08-30 20:16:07.862700,0 days 00:02:19.262053,semantic,,True,8,0.5533087997408694,https://housing.ucr.edu/about-us/resident-services-office#glen-mor,COMPLETE
453,0.6295284032821655,0.9688852813852813,0.23214285714285715,1.0,2026-08-30 20:16:07.873367,2026-08-30 20:19:59.676484,0 days 00:03:51.803117,semantic,,False,7,0.654928373693898,https://housing.ucr.edu/about-us/resident-services-office#glen-mor,COMPLETE
454,0.9543343633413315,0.777670072982573,1.0,1.0,2026-08-30 20:19:59.687626,2026-08-30 20:25:07.623877,0 days 00:05:07.936251,semantic,,True,6,0.17019766465660408,https://housing.ucr.edu/about-us/resident-services-office#glen-mor,COMPLETE
455,0.9553051590919495,0.7553030303030304,1.0,0.75,2026-08-30 20:25:07.645275,2026-08-30 20:30:04.190591,0 days 00:04:56.545316,semantic,,True,9,0.36688180065911474,https://housing.ucr.edu/about-us/resident-services-office#glen-mor,COMPLETE
456,0.9424299597740173,0.676984126984127,1.0,0.75,2026-08-30 20:30:04.203481,2026-08-30 20:30:40.274372,0 days 00:00:36.070891,semantic,,True,6,0.5135969573856576,https://ghost.org/,COMPLETE
457,0.9422474205493927,0.7396645021645021,0.75,1.0,2026-08-30 20:30:40.280476,2026-08-30 20:31:19.012804,0 days 00:00:38.732328,semantic,,True,8,0.6194049179582051,https://ghost.org/,COMPLETE
458,0.7853235192596912,0.9666666666666667,1.0,1.0,2026-08-30 20:31:19.023367,2026-08-30 20:31:52.920544,0 days 00:00:33.897177,semantic,,True,3,0.3135585849512307,https://ghost.org/,COMPLETE
459,0.7688256949186325,0.744047619047619,1.0,0.875,2026-08-30 20:31:52.933150,2026-08-30 20:32:34.247094,0 days 00:00:41.313944,semantic,,False,10,0.8311931737238694,https://ghost.org/,COMPLETE
460,0.7674095965921879,0.6065656565656565,1.0,0.41666666666666663,2026-08-30 20:32:34.257932,2026-08-30 20:33:16.183346,0 days 00:00:41.925414,semantic,,True,6,0.800838572717155,https://ghost.org/,COMPLETE
461,0.7487156465649605,0.8422746003996003,1.0,0.9166666666666666,2026-08-30 20:33:16.194355,2026-08-30 20:33:56.877256,0 days 00:00:40.682901,semantic,,True,7,0.4860939320592582,https://ghost.org/,COMPLETE
462,0.9807851910591125,0.8794642857142857,1.0,0.5833333333333333,2026-08-30 20:33:56.884174,2026-08-30 20:34:29.493471,0 days 00:00:32.609297,semantic,,True,9,0.1450462019740008,https://ghost.org/,COMPLETE
463,0.7681600898504257,0.8667544261294261,1.0,0.7916666666666666,2026-08-30 20:34:29.500563,2026-08-30 20:35:08.244615,0 days 00:00:38.744052,semantic,,True,6,0.5387548708613928,https://ghost.org/,COMPLETE
464,0.9441407173871994,0.7777777777777778,1.0,0.5,2026-08-30 20:35:08.259645,2026-08-30 20:35:47.028554,0 days 00:00:38.768909,semantic,,False,6,0.5777776405580767,https://ghost.org/,COMPLETE
465,0.7702535465359688,0.703376504447933,1.0,1.0,2026-08-30 20:35:47.036063,2026-08-30 20:36:31.218533,0 days 00:00:44.182470,semantic,,True,7,0.6073632167764735,https://ghost.org/,COMPLETE
466,0.5728056505322456,0.6041666666666666,0.5,1.0,2026-08-30 20:36:31.233222,2026-08-30 20:37:07.223717,0 days 00:00:35.990495,semantic,,True,2,0.8874428053694801,https://ghost.org/,COMPLETE
467,0.9458916187286377,0.953125,1.0,0.75,2026-08-30 20:37:07.234371,2026-08-30 20:37:49.842447,0 days 00:00:42.608076,semantic,,True,9,0.4268865281606203,https://ghost.org/,COMPLETE
468,0.950822576880455,0.9875,1.0,1.0,2026-08-30 20:37:49.851494,2026-08-30 20:38:36.098910,0 days 00:00:46.247416,semantic,,True,6,0.22514394116084588,https://fotocasa.es,COMPLETE
469,0.6946344822645187,0.9125000000000001,1.0,0.875,2026-08-30 20:38:36.109797,2026-08-30 20:39:13.511886,0 days 00:00:37.402089,semantic,,True,9,0.2538471806936359,https://fotocasa.es,COMPLETE
470,0.828733965754509,0.8222222222222222,1.0,0.8666666666666667,2026-08-30 20:39:13.525558,2026-08-30 20:39:53.914642,0 days 00:00:40.389084,semantic,,False,6,0.39944688669759204,https://fotocasa.es,COMPLETE
471,0.500941775739193,0.90625,0.5,1.0,2026-08-30 20:39:53.926936,2026-08-30 20:40:50.127713,0 days 00:00:56.200777,semantic,,True,6,0.6748184962156965,https://fotocasa.es,COMPLETE
472,0.46993783861398697,0.8386679292929293,0.5,1.0,2026-08-30 20:40:50.139930,2026-08-30 20:41:50.479968,0 days 00:01:00.340038,semantic,,True,6,0.714130422293016,https://fotocasa.es,COMPLETE
473,0.7238571271300316,0.9166666666666667,1.0,1.0,2026-08-30 20:41:50.492967,2026-08-30 20:42:32.044917,0 days 00:00:41.551950,semantic,,True,7,0.1991030987688563,https://fotocasa.es,COMPLETE
474,0.8675512224435806,0.7752380952380952,1.0,1.0,2026-08-30 20:42:32.056429,2026-08-30 20:43:14.509491,0 days 00:00:42.453062,semantic,,True,3,0.33300205009484096,https://fotocasa.es,COMPLETE
475,0.7450571805238724,0.7445436507936507,1.0,0.6666666666666666,2026-08-30 20:43:14.517514,2026-08-30 20:44:01.152322,0 days 00:00:46.634808,semantic,,True,9,0.12427886255421128,https://fotocasa.es,COMPLETE
476,0.8949121534824371,0.8833333333333333,1.0,1.0,2026-08-30 20:44:01.166847,2026-08-30 20:44:43.745437,0 days 00:00:42.578590,semantic,,False,8,0.2843872300263064,https://fotocasa.es,COMPLETE
477,0.9051533788442612,0.9548809523809523,1.0,1.0,2026-08-30 20:44:43.757067,2026-08-30 20:45:26.092847,0 days 00:00:42.335780,semantic,,True,10,0.35641841957677634,https://fotocasa.es,COMPLETE
478,0.9186293929815292,1.0,1.0,0.75,2026-08-30 20:45:26.103778,2026-08-30 20:46:16.496227,0 days 00:00:50.392449,semantic,,True,6,0.385962915708543,https://fotocasa.es,COMPLETE
479,0.9149767458438873,0.9193514818514819,1.0,1.0,2026-08-30 20:46:16.506693,2026-08-30 20:46:59.377690,0 days 00:00:42.870997,semantic,,True,9,0.5180302201265088,https://fotocasa.es,COMPLETE
480,0.5538615249097347,0.27878787878787875,0.5,0.75,2026-08-30 20:46:59.392703,2026-08-30 20:48:03.448532,0 days 00:01:04.055829,semantic,,True,6,0.4846932091407806,https://mimecast.com,COMPLETE
481,0.7363494597375393,0.9513888888888888,0.75,0.75,2026-08-30 20:48:03.458623,2026-08-30 20:51:36.454073,0 days 00:03:32.995450,semantic,,False,6,0.8643248728057165,https://mimecast.com,COMPLETE
482,0.7730036713182926,0.6860529788838613,0.75,0.75,2026-08-30 20:51:36.465397,2026-08-30 20:55:01.870634,0 days 00:03:25.405237,semantic,,True,9,0.7898335716599197,https://mimecast.com,COMPLETE
483,0.7463699206709862,0.43955731040487767,0.5,0.875,2026-08-30 20:55:01.881122,2026-08-30 20:56:32.918350,0 days 00:01:31.037228,semantic,,True,6,0.5728728018130275,https://mimecast.com,COMPLETE
484,0.7399616055190563,0.5372780575905576,0.75,1.0,2026-08-30 20:56:32.928793,2026-08-30 20:59:51.668138,0 days 00:03:18.739345,semantic,,True,7,0.7694770328851761,https://mimecast.com,COMPLETE
485,0.5841064415872097,0.3067956349206349,0.5,0.9166666666666666,2026-08-30 20:59:51.680807,2026-08-30 21:01:14.931970,0 days 00:01:23.251163,semantic,,True,6,0.45842156333560613,https://mimecast.com,COMPLETE
486,0.7677503935992718,0.8000996552467141,0.5,0.875,2026-08-30 21:01:14.946650,2026-08-30 21:04:08.406655,0 days 00:02:53.460005,semantic,,True,8,0.6394963922110334,https://mimecast.com,COMPLETE
487,0.8500439822673798,0.5279661442636127,0.75,1.0,2026-08-30 21:04:08.421960,2026-08-30 21:07:42.473213,0 days 00:03:34.051253,semantic,,False,6,0.4419714041476469,https://mimecast.com,COMPLETE
488,0.765789020806551,0.7496958923429512,1.0,0.625,2026-08-30 21:07:42.501493,2026-08-30 21:09:01.057289,0 days 00:01:18.555796,semantic,,True,3,0.270874329671639,https://mimecast.com,COMPLETE
489,0.746457377448678,0.4782738095238095,0.625,0.5,2026-08-30 21:09:01.074365,2026-08-30 21:13:01.244733,0 days 00:04:00.170368,semantic,,True,5,0.8375397501189406,https://mimecast.com,COMPLETE
490,0.577554278075695,0.537794237012987,0.5,0.25,2026-08-30 21:13:01.259067,2026-08-30 21:14:24.616783,0 days 00:01:23.357716,semantic,,True,6,0.5003161074994015,https://mimecast.com,COMPLETE
491,0.7748447917401791,0.9940476190476191,1.0,0.875,2026-08-30 21:14:24.633968,2026-08-30 21:15:39.575146,0 days 00:01:14.941178,semantic,,True,9,0.30039522770464977,https://mimecast.com,COMPLETE
492,0.5144541896879673,0.6970968879976233,0.08333333333333333,0.625,2026-08-30 21:15:39.587964,2026-08-30 21:17:21.697885,0 days 00:01:42.109921,semantic,,True,9,0.7347990313744228,https://netbird.io,COMPLETE
493,0.5031263343989849,0.7,0.3333333333333333,0.6666666666666666,2026-08-30 21:17:21.713984,2026-08-30 21:18:42.362150,0 days 00:01:20.648166,semantic,,False,2,0.5978421131284114,https://netbird.io,COMPLETE
494,0.764743834733963,0.7930555555555554,0.875,0.75,2026-08-30 21:18:42.376969,2026-08-30 21:19:36.323768,0 days 00:00:53.946799,semantic,,True,4,0.25032893713019333,https://netbird.io,COMPLETE
495,0.56236157938838,0.793961346193489,0.29166666666666663,0.875,2026-08-30 21:19:36.333331,2026-08-30 21:20:49.652995,0 days 00:01:13.319664,semantic,,True,6,0.5512416873014022,https://netbird.io,COMPLETE
496,0.9189654886722565,0.8313109943807632,0.9375,1.0,2026-08-30 21:20:49.665780,2026-08-30 21:21:50.711485,0 days 00:01:01.045705,semantic,,True,8,0.40444845673619034,https://netbird.io,COMPLETE
497,0.8956756442785263,0.854647961878354,1.0,1.0,2026-08-30 21:21:50.725407,2026-08-30 21:22:27.599180,0 days 00:00:36.873773,fixed,619.0,True,7,,https://netbird.io,COMPLETE
498,0.8313422054052353,0.8745377886002885,1.0,1.0,2026-08-30 21:22:27.610083,2026-08-30 21:23:05.737038,0 days 00:00:38.126955,fixed,340.0,False,5,,https://netbird.io,COMPLETE
499,0.9718582481145859,0.8714052029841504,1.0,0.9166666666666666,2026-08-30 21:23:05.751118,2026-08-30 21:24:00.201331,0 days 00:00:54.450213,semantic,,True,6,0.1002134185449397,https://netbird.io,COMPLETE
500,0.7854688763618469,0.8167087542087541,1.0,0.9166666666666666,2026-08-30 21:24:00.214063,2026-08-30 21:24:40.663523,0 days 00:00:40.449460,fixed,600.0,True,7,,https://netbird.io,COMPLETE
501,0.6686743348836899,0.9554563492063493,1.0,1.0,2026-08-30 21:24:40.679691,2026-08-30 21:25:19.384209,0 days 00:00:38.704518,fixed,688.0,True,9,,https://netbird.io,COMPLETE
502,0.5755297131836414,0.7757918734124875,0.3333333333333333,0.75,2026-08-30 21:25:19.393421,2026-08-30 21:27:01.834977,0 days 00:01:42.441556,semantic,,True,10,0.8181634861441811,https://netbird.io,COMPLETE
503,0.7288723513484001,0.858044733044733,0.8125,1.0,2026-08-30 21:27:01.848583,2026-08-30 21:27:38.554324,0 days 00:00:36.705741,fixed,318.0,True,6,,https://netbird.io,COMPLETE
504,0.559557817876339,0.9875,1.0,0.75,2026-08-30 21:27:38.571316,2026-08-30 21:28:24.626182,0 days 00:00:46.054866,fixed,397.0,False,5,,https://zyxel.com,COMPLETE
505,0.7734133414924145,0.9201388888888888,1.0,0.75,2026-08-30 21:28:24.648280,2026-08-30 21:29:20.627235,0 days 00:00:55.978955,semantic,,True,6,0.37324810205029096,https://zyxel.com,COMPLETE
506,0.7829859219491482,1.0,1.0,0.5833333333333334,2026-08-30 21:29:20.638212,2026-08-30 21:29:50.843023,0 days 00:00:30.204811,fixed,634.0,True,8,,https://zyxel.com,COMPLETE
507,0.7638663500547409,0.9583333333333333,1.0,0.5,2026-08-30 21:29:50.855995,2026-08-30 21:30:48.235107,0 days 00:00:57.379112,semantic,,True,6,0.34744095616252424,https://zyxel.com,COMPLETE
508,0.6344001889228821,0.8187499999999999,1.0,0.75,2026-08-30 21:30:48.249270,2026-08-30 21:31:28.815670,0 days 00:00:40.566400,fixed,239.0,True,9,,https://zyxel.com,COMPLETE
509,0.7854816131293774,0.9749999999999999,1.0,0.875,2026-08-30 21:31:28.824788,2026-08-30 21:32:03.798485,0 days 00:00:34.973697,fixed,664.0,True,6,,https://zyxel.com,COMPLETE
510,0.7221381068229675,0.819047619047619,1.0,0.75,2026-08-30 21:32:03.816974,2026-08-30 21:32:59.944586,0 days 00:00:56.127612,semantic,,False,2,0.1595773419522868,https://zyxel.com,COMPLETE
511,0.6844503320753574,0.9458333333333333,1.0,0.95,2026-08-30 21:32:59.954000,2026-08-30 21:33:37.351106,0 days 00:00:37.397106,fixed,685.0,True,9,,https://zyxel.com,COMPLETE
512,0.6079574972391129,1.0,1.0,0.75,2026-08-30 21:33:37.363924,2026-08-30 21:34:31.714511,0 days 00:00:54.350587,semantic,,True,6,0.22339685024878095,https://zyxel.com,COMPLETE
513,0.7771753594279289,0.9083333333333333,1.0,0.7,2026-08-30 21:34:31.725933,2026-08-30 21:35:07.339362,0 days 00:00:35.613429,fixed,718.0,True,7,,https://zyxel.com,COMPLETE
514,0.7828384302556515,0.915391156462585,1.0,1.0,2026-08-30 21:35:07.350139,2026-08-30 21:35:43.913324,0 days 00:00:36.563185,fixed,667.0,True,4,,https://zyxel.com,COMPLETE
515,0.3513898029923439,0.21130952380952378,0.0,0.5,2026-08-30 21:35:43.924800,2026-08-30 21:37:39.043203,0 days 00:01:55.118403,semantic,,True,6,0.7584746296407805,https://zyxel.com,COMPLETE
516,0.6022485569119453,0.9575396825396825,0.75,0.9,2026-08-30 21:37:39.054765,2026-08-30 21:38:21.066645,0 days 00:00:42.011880,fixed,641.0,False,6,,https://arlo.com,COMPLETE
517,0.7411866821348667,0.8516269841269841,0.9166666666666666,1.0,2026-08-30 21:38:21.077723,2026-08-30 21:38:59.014897,0 days 00:00:37.937174,fixed,369.0,True,9,,https://arlo.com,COMPLETE
518,0.8635255843400955,0.8291666666666666,1.0,1.0,2026-08-30 21:38:59.025142,2026-08-30 21:40:08.045596,0 days 00:01:09.020454,semantic,,True,10,0.47135831574786885,https://arlo.com,COMPLETE
519,0.9454951137304306,0.8138624338624338,1.0,1.0,2026-08-30 21:40:08.058118,2026-08-30 21:40:48.037950,0 days 00:00:39.979832,fixed,491.0,True,5,,https://arlo.com,COMPLETE
520,0.5004863813519478,0.6986111111111111,0.5625,1.0,2026-08-30 21:40:48.050845,2026-08-30 21:42:35.034414,0 days 00:01:46.983569,semantic,,True,6,0.6462794946645005,https://arlo.com,COMPLETE
521,0.6104594096541405,0.8196428571428571,1.0,1.0,2026-08-30 21:42:35.045105,2026-08-30 21:43:13.571388,0 days 00:00:38.526283,fixed,472.0,False,7,,https://arlo.com,COMPLETE
522,0.8667809218168259,0.8011904761904761,1.0,0.65,2026-08-30 21:43:13.585481,2026-08-30 21:43:51.127685,0 days 00:00:37.542204,fixed,573.0,True,9,,https://arlo.com,COMPLETE
523,0.7397415488958359,0.591348084105437,0.625,0.75,2026-08-30 21:43:51.142256,2026-08-30 21:45:37.818208,0 days 00:01:46.675952,semantic,,True,8,0.6223851729678513,https://arlo.com,COMPLETE
524,0.5578183345496655,0.6041666666666666,0.5,0.95,2026-08-30 21:45:37.837011,2026-08-30 21:46:22.352786,0 days 00:00:44.515775,fixed,87.0,True,3,,https://arlo.com,COMPLETE
525,0.6933630853891373,0.764407894736842,0.5,0.875,2026-08-30 21:46:22.363849,2026-08-30 21:48:20.615145,0 days 00:01:58.251296,semantic,,True,4,0.6929791713436471,https://arlo.com,COMPLETE
526,0.8518047481775284,0.7868393759018759,0.9166666666666666,1.0,2026-08-30 21:48:20.627323,2026-08-30 21:49:00.440663,0 days 00:00:39.813340,fixed,697.0,True,6,,https://arlo.com,COMPLETE
527,0.8427772670984268,0.8179209183673469,1.0,1.0,2026-08-30 21:49:00.452816,2026-08-30 21:49:34.620984,0 days 00:00:34.168168,fixed,659.0,False,5,,https://arlo.com,COMPLETE
528,0.8706001281738281,0.9666666666666666,1.0,1.0,2026-08-30 21:49:34.630269,2026-08-30 21:50:34.373900,0 days 00:00:59.743631,semantic,,True,8,0.32460136593739347,https://emaktab.uz/about,COMPLETE
529,0.8917303442955017,0.9466666666666667,1.0,1.0,2026-08-30 21:50:34.385963,2026-08-30 21:51:20.683341,0 days 00:00:46.297378,fixed,683.0,True,6,,https://emaktab.uz/about,COMPLETE
530,0.9060958862304688,0.954251700680272,1.0,1.0,2026-08-30 21:51:20.705452,2026-08-30 21:52:19.273360,0 days 00:00:58.567908,semantic,,True,6,0.42447569339867863,https://emaktab.uz/about,COMPLETE
531,0.8116658329963684,0.99,1.0,0.65,2026-08-30 21:52:19.284032,2026-08-30 21:53:03.387986,0 days 00:00:44.103954,fixed,725.0,True,9,,https://emaktab.uz/about,COMPLETE
532,0.7875722706317901,0.8316666666666667,1.0,0.9714285714285713,2026-08-30 21:53:03.399084,2026-08-30 21:53:51.182512,0 days 00:00:47.783428,fixed,623.0,False,3,,https://emaktab.uz/about,COMPLETE
533,0.8646655201911926,0.9123985643985645,0.9333333333333332,0.9,2026-08-30 21:53:51.195554,2026-08-30 21:54:51.826190,0 days 00:01:00.630636,semantic,,True,6,0.6669331243271482,https://emaktab.uz/about,COMPLETE
534,0.8949586868286132,0.8610634920634921,1.0,1.0,2026-08-30 21:54:51.836431,2026-08-30 21:55:37.311406,0 days 00:00:45.474975,fixed,712.0,True,9,,https://emaktab.uz/about,COMPLETE
535,0.9727985858917236,0.9666666666666666,0.9,0.9199999999999999,2026-08-30 21:55:37.322551,2026-08-30 21:56:27.772131,0 days 00:00:50.449580,semantic,,True,7,0.19256913566988607,https://emaktab.uz/about,COMPLETE
536,0.9173784494400025,1.0,1.0,1.0,2026-08-30 21:56:27.793863,2026-08-30 21:57:27.017369,0 days 00:00:59.223506,semantic,,True,6,0.19786042048494834,https://emaktab.uz/about,COMPLETE
537,0.8429030418395996,0.7870707070707071,1.0,1.0,2026-08-30 21:57:27.032045,2026-08-30 21:58:15.082300,0 days 00:00:48.050255,fixed,599.0,True,6,,https://emaktab.uz/about,COMPLETE
538,0.9593849062919617,0.9666666666666666,1.0,0.7818181818181819,2026-08-30 21:58:15.095189,2026-08-30 21:59:06.390855,0 days 00:00:51.295666,semantic,,True,6,0.566698694528809,https://emaktab.uz/about,COMPLETE
539,0.9241404056549072,0.9400000000000001,1.0,0.8,2026-08-30 21:59:06.397982,2026-08-30 21:59:48.703840,0 days 00:00:42.305858,fixed,941.0,False,6,,https://emaktab.uz/about,COMPLETE
540,0.8322055339813232,0.7935363247863247,0.7589285714285714,0.85,2026-08-30 21:59:48.713346,2026-08-30 22:00:44.620163,0 days 00:00:55.906817,fixed,152.0,True,6,,https://www.e-recht24.de/anwalt-internetrecht.htm,COMPLETE
541,0.8395132422447205,0.8621750934250934,0.9642857142857143,1.0,2026-08-30 22:00:44.637075,2026-08-30 22:02:15.117555,0 days 00:01:30.480480,semantic,,True,6,0.5287324449151574,https://www.e-recht24.de/anwalt-internetrecht.htm,COMPLETE
542,0.731759786605835,0.7385489510489511,0.6696428571428571,0.7,2026-08-30 22:02:15.124718,2026-08-30 22:03:09.425666,0 days 00:00:54.300948,fixed,116.0,True,6,,https://www.e-recht24.de/anwalt-internetrecht.htm,COMPLETE
543,0.6973812915384769,0.8526762820512821,1.0,0.9375,2026-08-30 22:03:09.446868,2026-08-30 22:04:55.877156,0 days 00:01:46.430288,semantic,,True,6,0.4956434161642699,https://www.e-recht24.de/anwalt-internetrecht.htm,COMPLETE
544,0.8589698970317841,0.8752976190476189,1.0,1.0,2026-08-30 22:04:55.891527,2026-08-30 22:05:35.292406,0 days 00:00:39.400879,fixed,740.0,False,6,,https://www.e-recht24.de/anwalt-internetrecht.htm,COMPLETE
545,0.8741959035396576,0.9583333333333333,1.0,0.875,2026-08-30 22:05:35.306596,2026-08-30 22:06:26.254127,0 days 00:00:50.947531,fixed,648.0,True,6,,https://www.e-recht24.de/anwalt-internetrecht.htm,COMPLETE
546,0.9261839389801025,1.0,1.0,0.9166666666666666,2026-08-30 22:06:26.264698,2026-08-30 22:18:55.150969,0 days 00:12:28.886271,semantic,,True,6,0.3101232081790303,https://www.e-recht24.de/anwalt-internetrecht.htm,COMPLETE
547,0.9412993937730789,0.7862193362193362,0.9375,1.0,2026-08-30 22:18:55.170442,2026-08-30 22:19:47.287488,0 days 00:00:52.117046,fixed,274.0,True,6,,https://www.e-recht24.de/anwalt-internetrecht.htm,COMPLETE
548,0.7178742364048958,0.5336272387742976,0.75,0.95,2026-08-30 22:19:47.303831,2026-08-30 22:23:56.251464,0 days 00:04:08.947633,semantic,,True,6,0.8532406699973614,https://www.e-recht24.de/anwalt-internetrecht.htm,COMPLETE
549,0.7493692822754383,0.8515873015873016,0.9166666666666666,1.0,2026-08-30 22:23:56.266396,2026-08-30 22:25:13.424487,0 days 00:01:17.158091,fixed,965.0,True,6,,https://www.e-recht24.de/anwalt-internetrecht.htm,COMPLETE
550,0.9633286446332932,0.9742063492063492,1.0,0.75,2026-08-30 22:25:13.445518,2026-08-30 22:25:56.275373,0 days 00:00:42.829855,fixed,676.0,False,6,,https://www.e-recht24.de/anwalt-internetrecht.htm,COMPLETE
551,0.6091514378786087,0.9358974358974359,0.9375,1.0,2026-08-30 22:25:56.295371,2026-08-30 22:37:59.526403,0 days 00:12:03.231032,semantic,,True,6,0.17260252518852154,https://www.e-recht24.de/anwalt-internetrecht.htm,COMPLETE
552,0.8670353442430496,1.0,1.0,0.9375,2026-08-30 22:37:59.540260,2026-08-30 22:39:05.878954,0 days 00:01:06.338694,fixed,699.0,True,6,,https://cnil.fr/fr/cnil-direct/question/le-droit-dacces-cest-quoi?visiteur=part,COMPLETE
553,0.7728352434933186,0.42880862193362196,0.5664251207729469,1.0,2026-08-30 22:39:05.889246,2026-08-30 22:41:14.123259,0 days 00:02:08.234013,semantic,,True,6,0.7081019975240499,https://cnil.fr/fr/cnil-direct/question/le-droit-dacces-cest-quoi?visiteur=part,COMPLETE
554,0.796095684170723,0.9453749917126614,1.0,1.0,2026-08-30 22:41:14.134207,2026-08-30 22:42:03.651598,0 days 00:00:49.517391,fixed,554.0,True,6,,https://cnil.fr/fr/cnil-direct/question/le-droit-dacces-cest-quoi?visiteur=part,COMPLETE
555,0.6770403683185577,0.9363492063492064,1.0,1.0,2026-08-30 22:42:03.662602,2026-08-30 22:42:49.412200,0 days 00:00:45.749598,fixed,433.0,True,6,,https://cnil.fr/fr/cnil-direct/question/le-droit-dacces-cest-quoi?visiteur=part,COMPLETE
556,0.49125295132398605,0.5,0.2222222222222222,1.0,2026-08-30 22:42:49.421574,2026-08-30 22:45:07.858862,0 days 00:02:18.437288,semantic,,False,6,0.8787591122610304,https://cnil.fr/fr/cnil-direct/question/le-droit-dacces-cest-quoi?visiteur=part,COMPLETE
557,0.7638102099299431,0.7648190685193543,0.9861111111111112,1.0,2026-08-30 22:45:07.872789,2026-08-30 22:45:52.786373,0 days 00:00:44.913584,fixed,520.0,True,6,,https://cnil.fr/fr/cnil-direct/question/le-droit-dacces-cest-quoi?visiteur=part,COMPLETE
558,0.9040849059820175,0.7332403187090686,0.8819444444444444,0.75,2026-08-30 22:45:52.797762,2026-08-30 22:47:18.920082,0 days 00:01:26.122320,semantic,,True,6,0.5856343006946066,https://cnil.fr/fr/cnil-direct/question/le-droit-dacces-cest-quoi?visiteur=part,COMPLETE
559,0.6128418855369091,0.8651121147731101,1.0,0.9875,2026-08-30 22:47:18.931455,2026-08-30 22:48:09.698035,0 days 00:00:50.766580,fixed,987.0,True,6,,https://cnil.fr/fr/cnil-direct/question/le-droit-dacces-cest-quoi?visiteur=part,COMPLETE
560,0.5807908996939659,0.9439594319518371,1.0,0.875,2026-08-30 22:48:09.709881,2026-08-30 22:48:56.332624,0 days 00:00:46.622743,fixed,630.0,True,6,,https://cnil.fr/fr/cnil-direct/question/le-droit-dacces-cest-quoi?visiteur=part,COMPLETE
561,0.6445975638926029,0.854707383665717,0.75,0.875,2026-08-30 22:48:56.343274,2026-08-30 22:49:59.892924,0 days 00:01:03.549650,semantic,,False,6,0.359372165039088,https://cnil.fr/fr/cnil-direct/question/le-droit-dacces-cest-quoi?visiteur=part,COMPLETE
562,0.7808197066187859,0.8971401515151515,1.0,1.0,2026-08-30 22:49:59.906814,2026-08-30 22:50:47.499120,0 days 00:00:47.592306,fixed,212.0,True,6,,https://cnil.fr/fr/cnil-direct/question/le-droit-dacces-cest-quoi?visiteur=part,COMPLETE
563,0.7436610758304596,0.9032828282828282,1.0,0.75,2026-08-30 22:50:47.509002,2026-08-30 22:51:48.924334,0 days 00:01:01.415332,semantic,,True,6,0.4394487298109483,https://cnil.fr/fr/cnil-direct/question/le-droit-dacces-cest-quoi?visiteur=part,COMPLETE
564,0.9842099249362946,0.7200963718820861,1.0,1.0,2026-08-30 22:51:48.946209,2026-08-30 22:52:30.067471,0 days 00:00:41.121262,fixed,736.0,True,6,,https://www.deltafiber.nl/over-ons/,COMPLETE
565,0.9855974167585373,0.7423611111111111,0.9375,0.75,2026-08-30 22:52:30.078772,2026-08-30 22:53:08.168172,0 days 00:00:38.089400,fixed,184.0,True,6,,https://www.deltafiber.nl/over-ons/,COMPLETE
566,0.9860135465860367,0.8888888888888888,1.0,1.0,2026-08-30 22:53:08.178281,2026-08-30 22:53:49.446905,0 days 00:00:41.268624,fixed,182.0,False,7,,https://www.deltafiber.nl/over-ons/,COMPLETE
567,0.9861055016517639,1.0,1.0,1.0,2026-08-30 22:53:49.454271,2026-08-30 22:54:29.803358,0 days 00:00:40.349087,semantic,,False,7,0.38707814872782176,https://www.deltafiber.nl/over-ons/,COMPLETE
568,0.9857524484395981,0.98125,1.0,1.0,2026-08-30 22:54:29.820904,2026-08-30 22:55:16.098038,0 days 00:00:46.277134,semantic,,False,7,0.2787681284587834,https://www.deltafiber.nl/over-ons/,COMPLETE
569,0.9844058603048325,0.8777777777777778,0.875,1.0,2026-08-30 22:55:16.110597,2026-08-30 22:56:03.045481,0 days 00:00:46.934884,semantic,,False,7,0.3918437413790248,https://www.deltafiber.nl/over-ons/,COMPLETE
570,0.9852610379457474,0.9525,1.0,1.0,2026-08-30 22:56:03.057535,2026-08-30 22:56:45.383154,0 days 00:00:42.325619,semantic,,False,7,0.37487789406880845,https://www.deltafiber.nl/over-ons/,COMPLETE
571,0.9845018982887268,0.8791666666666667,0.9375,1.0,2026-08-30 22:56:45.405416,2026-08-30 22:57:28.819807,0 days 00:00:43.414391,semantic,,False,7,0.41290983707556356,https://www.deltafiber.nl/over-ons/,COMPLETE
572,0.8977384865283966,1.0,0.9375,1.0,2026-08-30 22:57:28.829962,2026-08-30 22:58:13.715233,0 days 00:00:44.885271,semantic,,False,7,0.38587212245596747,https://www.deltafiber.nl/over-ons/,COMPLETE
573,0.8005777187645435,0.9307114512471655,0.9375,1.0,2026-08-30 22:58:13.734753,2026-08-30 22:59:00.211071,0 days 00:00:46.476318,semantic,,False,7,0.34090182522736867,https://www.deltafiber.nl/over-ons/,COMPLETE
574,0.9849537163972855,0.9277777777777778,1.0,1.0,2026-08-30 22:59:00.224977,2026-08-30 22:59:42.057032,0 days 00:00:41.832055,semantic,,False,7,0.2765939216037701,https://www.deltafiber.nl/over-ons/,COMPLETE
575,0.8106546252965927,0.9393939393939393,1.0,1.0,2026-08-30 22:59:42.068084,2026-08-30 23:00:23.159834,0 days 00:00:41.091750,semantic,,False,7,0.3734249986600361,https://www.deltafiber.nl/over-ons/,COMPLETE
576,0.9664239883422852,0.825,0.875,0.75,2026-08-30 23:00:23.172798,2026-08-30 23:01:21.162686,0 days 00:00:57.989888,semantic,,False,7,0.2944474045866338,https://immersivelabs.com,COMPLETE
577,0.950335294008255,0.9553571428571428,1.0,0.625,2026-08-30 23:01:21.175483,2026-08-30 23:02:18.937994,0 days 00:00:57.762511,semantic,,False,7,0.3248570172432139,https://immersivelabs.com,COMPLETE
578,0.9671646803617477,0.9523809523809523,1.0,0.75,2026-08-30 23:02:18.947791,2026-08-30 23:03:24.075610,0 days 00:01:05.127819,semantic,,False,7,0.44922575883040305,https://immersivelabs.com,COMPLETE
579,0.9641184210777283,1.0,0.875,1.0,2026-08-30 23:03:24.087717,2026-08-30 23:05:20.791275,0 days 00:01:56.703558,semantic,,False,7,0.40391551435723133,https://immersivelabs.com,COMPLETE
580,0.7929134033620358,0.9107012586179253,0.75,0.875,2026-08-30 23:05:20.804609,2026-08-30 23:06:22.837756,0 days 00:01:02.033147,semantic,,False,8,0.4109649081135408,https://immersivelabs.com,COMPLETE
581,0.9683118015527725,0.869047619047619,0.875,0.625,2026-08-30 23:06:22.847438,2026-08-30 23:07:26.068890,0 days 00:01:03.221452,semantic,,False,8,0.3591446150920661,https://immersivelabs.com,COMPLETE
582,0.9680263102054596,0.9666666666666667,1.0,0.75,2026-08-30 23:07:26.087994,2026-08-30 23:08:25.430476,0 days 00:00:59.342482,semantic,,False,8,0.4302394260300957,https://immersivelabs.com,COMPLETE
583,0.9675938785076141,0.8892857142857142,0.875,0.75,2026-08-30 23:08:25.443376,2026-08-30 23:09:29.629489,0 days 00:01:04.186113,semantic,,False,7,0.37947406445802917,https://immersivelabs.com,COMPLETE
584,0.7963163256645203,0.8845486111111112,0.875,1.0,2026-08-30 23:09:29.641701,2026-08-30 23:10:45.224872,0 days 00:01:15.583171,semantic,,False,8,0.4739562833047861,https://immersivelabs.com,COMPLETE
585,0.9680324792861938,0.6875,1.0,0.625,2026-08-30 23:10:45.239623,2026-08-30 23:11:51.324543,0 days 00:01:06.084920,semantic,,False,8,0.3977446685657836,https://immersivelabs.com,COMPLETE
586,0.9576357752084732,0.8395833333333333,0.875,0.75,2026-08-30 23:11:51.335544,2026-08-30 23:12:50.239929,0 days 00:00:58.904385,semantic,,False,7,0.3153601312882761,https://immersivelabs.com,COMPLETE
587,0.9661527276039124,0.9045138888888888,0.875,0.875,2026-08-30 23:12:50.258168,2026-08-30 23:13:45.359869,0 days 00:00:55.101701,semantic,,False,8,0.3399815599498034,https://immersivelabs.com,COMPLETE
588,0.44093792885541916,0.925,0.75,0.8333333333333333,2026-08-30 23:13:45.372509,2026-08-30 23:14:27.681617,0 days 00:00:42.309108,semantic,,False,7,0.4587114712181847,https://www.parse.ly/,COMPLETE
589,0.6162745505571365,0.9791666666666666,0.75,0.875,2026-08-30 23:14:27.694820,2026-08-30 23:15:06.621970,0 days 00:00:38.927150,semantic,,False,7,0.4189833830579946,https://www.parse.ly/,COMPLETE
590,0.6736848652362823,1.0,0.625,0.75,2026-08-30 23:15:06.634065,2026-08-30 23:15:46.128407,0 days 00:00:39.494342,semantic,,False,8,0.25595734433654693,https://www.parse.ly/,COMPLETE
591,0.7877229899168015,0.8107142857142857,0.875,1.0,2026-08-30 23:15:46.138187,2026-08-30 23:16:24.737140,0 days 00:00:38.598953,semantic,,False,7,0.34893584739811384,https://www.parse.ly/,COMPLETE
592,0.4280659295618534,0.9836309523809524,0.625,1.0,2026-08-30 23:16:24.749277,2026-08-30 23:17:07.828819,0 days 00:00:43.079542,semantic,,False,7,0.5040182192200179,https://www.parse.ly/,COMPLETE
593,0.9052388966083527,0.9666666666666667,0.625,0.6666666666666666,2026-08-30 23:17:07.842837,2026-08-30 23:17:46.530302,0 days 00:00:38.687465,semantic,,False,8,0.2905413150438908,https://www.parse.ly/,COMPLETE
594,0.7885441780090332,0.8586895743145743,0.875,0.625,2026-08-30 23:17:46.548411,2026-08-30 23:18:26.931363,0 days 00:00:40.382952,semantic,,False,8,0.377133430205397,https://www.parse.ly/,COMPLETE
595,0.617054671049118,1.0,0.625,0.75,2026-08-30 23:18:26.940102,2026-08-30 23:19:07.677614,0 days 00:00:40.737512,semantic,,False,8,0.36477497177660667,https://www.parse.ly/,COMPLETE
596,0.9647174030542374,0.9875,0.75,0.825,2026-08-30 23:19:07.689123,2026-08-30 23:19:50.943572,0 days 00:00:43.254449,semantic,,False,7,0.4406219835589173,https://www.parse.ly/,COMPLETE
597,0.7297462224960327,0.9791666666666666,0.75,0.75,2026-08-30 23:19:50.963546,2026-08-30 23:20:28.843603,0 days 00:00:37.880057,semantic,,False,7,0.4042005300918028,https://www.parse.ly/,COMPLETE
598,0.730472519993782,0.9333333333333333,0.875,1.0,2026-08-30 23:20:28.857588,2026-08-30 23:21:12.907576,0 days 00:00:44.049988,semantic,,False,7,0.3290906637870293,https://www.parse.ly/,COMPLETE
599,0.6151819676160812,0.971875,0.875,0.625,2026-08-30 23:21:12.924940,2026-08-30 23:21:56.694006,0 days 00:00:43.769066,semantic,,False,8,0.24116057373381805,https://www.parse.ly/,COMPLETE
